<?xml version="1.0" encoding="utf-8"?>
	<annotation>
		<folder>VOC2007</folder>
		<filename>003.jpg</filename>
		<size>
			<width>889</width>
			<height>803</height>
			<depth>3</depth>
		</size>
		<object>
			<name>airplane</name>
			<pose>Unspecified</pose>
			<truncated>0</truncated>
			<difficult>0</difficult>
			<bndbox>
				<xmin>100</xmin>
				<ymin>256</ymin>
				<xmax>170</xmax>
				<ymax>319</ymax>
			</bndbox>
		</object>
		<object>
			<name>airplane</name>
			<pose>Unspecified</pose>
			<truncated>0</truncated>
			<difficult>0</difficult>
			<bndbox>
				<xmin>575</xmin>
				<ymin>139</ymin>
				<xmax>668</xmax>
				<ymax>240</ymax>
			</bndbox>
		</object>
		<object>
			<name>airplane</name>
			<pose>Unspecified</pose>
			<truncated>0</truncated>
			<difficult>0</difficult>
			<bndbox>
				<xmin>753</xmin>
				<ymin>382</ymin>
				<xmax>843</xmax>
				<ymax>484</ymax>
			</bndbox>
		</object>
		<object>
			<name>airplane</name>
			<pose>Unspecified</pose>
			<truncated>0</truncated>
			<difficult>0</difficult>
			<bndbox>
				<xmin>313</xmin>
				<ymin>648</ymin>
				<xmax>415</xmax>
				<ymax>764</ymax>
			</bndbox>
		</object>
		<object>
			<name>airplane</name>
			<pose>Unspecified</pose>
			<truncated>0</truncated>
			<difficult>0</difficult>
			<bndbox>
				<xmin>434</xmin>
				<ymin>674</ymin>
				<xmax>527</xmax>
				<ymax>787</ymax>
			</bndbox>
		</object>
	</annotation>
