<?xml version="1.0" encoding="utf-8"?>
	<annotation>
		<folder>VOC2007</folder>
		<filename>005.jpg</filename>
		<size>
			<width>966</width>
			<height>753</height>
			<depth>3</depth>
		</size>
		<object>
			<name>airplane</name>
			<pose>Unspecified</pose>
			<truncated>0</truncated>
			<difficult>0</difficult>
			<bndbox>
				<xmin>401</xmin>
				<ymin>596</ymin>
				<xmax>443</xmax>
				<ymax>636</ymax>
			</bndbox>
		</object>
		<object>
			<name>airplane</name>
			<pose>Unspecified</pose>
			<truncated>0</truncated>
			<difficult>0</difficult>
			<bndbox>
				<xmin>606</xmin>
				<ymin>138</ymin>
				<xmax>668</xmax>
				<ymax>199</ymax>
			</bndbox>
		</object>
	</annotation>
