<?xml version="1.0" encoding="utf-8"?>
	<annotation>
		<folder>VOC2007</folder>
		<filename>008.jpg</filename>
		<size>
			<width>980</width>
			<height>765</height>
			<depth>3</depth>
		</size>
		<object>
			<name>airplane</name>
			<pose>Unspecified</pose>
			<truncated>0</truncated>
			<difficult>0</difficult>
			<bndbox>
				<xmin>208</xmin>
				<ymin>361</ymin>
				<xmax>272</xmax>
				<ymax>418</ymax>
			</bndbox>
		</object>
		<object>
			<name>airplane</name>
			<pose>Unspecified</pose>
			<truncated>0</truncated>
			<difficult>0</difficult>
			<bndbox>
				<xmin>234</xmin>
				<ymin>429</ymin>
				<xmax>289</xmax>
				<ymax>481</ymax>
			</bndbox>
		</object>
		<object>
			<name>airplane</name>
			<pose>Unspecified</pose>
			<truncated>0</truncated>
			<difficult>0</difficult>
			<bndbox>
				<xmin>322</xmin>
				<ymin>473</ymin>
				<xmax>376</xmax>
				<ymax>540</ymax>
			</bndbox>
		</object>
		<object>
			<name>airplane</name>
			<pose>Unspecified</pose>
			<truncated>0</truncated>
			<difficult>0</difficult>
			<bndbox>
				<xmin>313</xmin>
				<ymin>631</ymin>
				<xmax>384</xmax>
				<ymax>697</ymax>
			</bndbox>
		</object>
	</annotation>
