<?xml version="1.0" encoding="utf-8"?>
	<annotation>
		<folder>VOC2007</folder>
		<filename>010.jpg</filename>
		<size>
			<width>979</width>
			<height>752</height>
			<depth>3</depth>
		</size>
		<object>
			<name>airplane</name>
			<pose>Unspecified</pose>
			<truncated>0</truncated>
			<difficult>0</difficult>
			<bndbox>
				<xmin>221</xmin>
				<ymin>53</ymin>
				<xmax>265</xmax>
				<ymax>95</ymax>
			</bndbox>
		</object>
		<object>
			<name>airplane</name>
			<pose>Unspecified</pose>
			<truncated>0</truncated>
			<difficult>0</difficult>
			<bndbox>
				<xmin>147</xmin>
				<ymin>254</ymin>
				<xmax>192</xmax>
				<ymax>297</ymax>
			</bndbox>
		</object>
		<object>
			<name>airplane</name>
			<pose>Unspecified</pose>
			<truncated>0</truncated>
			<difficult>0</difficult>
			<bndbox>
				<xmin>442</xmin>
				<ymin>631</ymin>
				<xmax>493</xmax>
				<ymax>685</ymax>
			</bndbox>
		</object>
		<object>
			<name>airplane</name>
			<pose>Unspecified</pose>
			<truncated>0</truncated>
			<difficult>0</difficult>
			<bndbox>
				<xmin>657</xmin>
				<ymin>485</ymin>
				<xmax>736</xmax>
				<ymax>564</ymax>
			</bndbox>
		</object>
		<object>
			<name>airplane</name>
			<pose>Unspecified</pose>
			<truncated>0</truncated>
			<difficult>0</difficult>
			<bndbox>
				<xmin>846</xmin>
				<ymin>77</ymin>
				<xmax>925</xmax>
				<ymax>149</ymax>
			</bndbox>
		</object>
		<object>
			<name>airplane</name>
			<pose>Unspecified</pose>
			<truncated>0</truncated>
			<difficult>0</difficult>
			<bndbox>
				<xmin>210</xmin>
				<ymin>349</ymin>
				<xmax>261</xmax>
				<ymax>397</ymax>
			</bndbox>
		</object>
	</annotation>
