<?xml version="1.0" encoding="utf-8"?>
	<annotation>
		<folder>VOC2007</folder>
		<filename>017.jpg</filename>
		<size>
			<width>1020</width>
			<height>630</height>
			<depth>3</depth>
		</size>
		<object>
			<name>airplane</name>
			<pose>Unspecified</pose>
			<truncated>0</truncated>
			<difficult>0</difficult>
			<bndbox>
				<xmin>52</xmin>
				<ymin>515</ymin>
				<xmax>152</xmax>
				<ymax>594</ymax>
			</bndbox>
		</object>
		<object>
			<name>airplane</name>
			<pose>Unspecified</pose>
			<truncated>0</truncated>
			<difficult>0</difficult>
			<bndbox>
				<xmin>233</xmin>
				<ymin>393</ymin>
				<xmax>312</xmax>
				<ymax>452</ymax>
			</bndbox>
		</object>
		<object>
			<name>airplane</name>
			<pose>Unspecified</pose>
			<truncated>0</truncated>
			<difficult>0</difficult>
			<bndbox>
				<xmin>258</xmin>
				<ymin>472</ymin>
				<xmax>333</xmax>
				<ymax>529</ymax>
			</bndbox>
		</object>
		<object>
			<name>airplane</name>
			<pose>Unspecified</pose>
			<truncated>0</truncated>
			<difficult>0</difficult>
			<bndbox>
				<xmin>272</xmin>
				<ymin>546</ymin>
				<xmax>368</xmax>
				<ymax>622</ymax>
			</bndbox>
		</object>
		<object>
			<name>airplane</name>
			<pose>Unspecified</pose>
			<truncated>0</truncated>
			<difficult>0</difficult>
			<bndbox>
				<xmin>175</xmin>
				<ymin>109</ymin>
				<xmax>258</xmax>
				<ymax>187</ymax>
			</bndbox>
		</object>
		<object>
			<name>airplane</name>
			<pose>Unspecified</pose>
			<truncated>0</truncated>
			<difficult>0</difficult>
			<bndbox>
				<xmin>463</xmin>
				<ymin>9</ymin>
				<xmax>543</xmax>
				<ymax>93</ymax>
			</bndbox>
		</object>
		<object>
			<name>airplane</name>
			<pose>Unspecified</pose>
			<truncated>0</truncated>
			<difficult>0</difficult>
			<bndbox>
				<xmin>521</xmin>
				<ymin>124</ymin>
				<xmax>618</xmax>
				<ymax>197</ymax>
			</bndbox>
		</object>
		<object>
			<name>airplane</name>
			<pose>Unspecified</pose>
			<truncated>0</truncated>
			<difficult>0</difficult>
			<bndbox>
				<xmin>451</xmin>
				<ymin>229</ymin>
				<xmax>535</xmax>
				<ymax>311</ymax>
			</bndbox>
		</object>
		<object>
			<name>airplane</name>
			<pose>Unspecified</pose>
			<truncated>0</truncated>
			<difficult>0</difficult>
			<bndbox>
				<xmin>773</xmin>
				<ymin>352</ymin>
				<xmax>856</xmax>
				<ymax>425</ymax>
			</bndbox>
		</object>
		<object>
			<name>airplane</name>
			<pose>Unspecified</pose>
			<truncated>0</truncated>
			<difficult>0</difficult>
			<bndbox>
				<xmin>891</xmin>
				<ymin>282</ymin>
				<xmax>973</xmax>
				<ymax>370</ymax>
			</bndbox>
		</object>
		<object>
			<name>storage tank</name>
			<pose>Unspecified</pose>
			<truncated>0</truncated>
			<difficult>0</difficult>
			<bndbox>
				<xmin>387</xmin>
				<ymin>382</ymin>
				<xmax>443</xmax>
				<ymax>429</ymax>
			</bndbox>
		</object>
		<object>
			<name>storage tank</name>
			<pose>Unspecified</pose>
			<truncated>0</truncated>
			<difficult>0</difficult>
			<bndbox>
				<xmin>403</xmin>
				<ymin>437</ymin>
				<xmax>459</xmax>
				<ymax>478</ymax>
			</bndbox>
		</object>
		<object>
			<name>storage tank</name>
			<pose>Unspecified</pose>
			<truncated>0</truncated>
			<difficult>0</difficult>
			<bndbox>
				<xmin>423</xmin>
				<ymin>489</ymin>
				<xmax>475</xmax>
				<ymax>527</ymax>
			</bndbox>
		</object>
		<object>
			<name>storage tank</name>
			<pose>Unspecified</pose>
			<truncated>0</truncated>
			<difficult>0</difficult>
			<bndbox>
				<xmin>466</xmin>
				<ymin>355</ymin>
				<xmax>530</xmax>
				<ymax>403</ymax>
			</bndbox>
		</object>
		<object>
			<name>storage tank</name>
			<pose>Unspecified</pose>
			<truncated>0</truncated>
			<difficult>0</difficult>
			<bndbox>
				<xmin>490</xmin>
				<ymin>417</ymin>
				<xmax>555</xmax>
				<ymax>467</ymax>
			</bndbox>
		</object>
		<object>
			<name>storage tank</name>
			<pose>Unspecified</pose>
			<truncated>0</truncated>
			<difficult>0</difficult>
			<bndbox>
				<xmin>523</xmin>
				<ymin>324</ymin>
				<xmax>588</xmax>
				<ymax>374</ymax>
			</bndbox>
		</object>
		<object>
			<name>storage tank</name>
			<pose>Unspecified</pose>
			<truncated>0</truncated>
			<difficult>0</difficult>
			<bndbox>
				<xmin>548</xmin>
				<ymin>384</ymin>
				<xmax>614</xmax>
				<ymax>437</ymax>
			</bndbox>
		</object>
		<object>
			<name>storage tank</name>
			<pose>Unspecified</pose>
			<truncated>0</truncated>
			<difficult>0</difficult>
			<bndbox>
				<xmin>615</xmin>
				<ymin>291</ymin>
				<xmax>673</xmax>
				<ymax>332</ymax>
			</bndbox>
		</object>
		<object>
			<name>storage tank</name>
			<pose>Unspecified</pose>
			<truncated>0</truncated>
			<difficult>0</difficult>
			<bndbox>
				<xmin>634</xmin>
				<ymin>343</ymin>
				<xmax>693</xmax>
				<ymax>383</ymax>
			</bndbox>
		</object>
		<object>
			<name>storage tank</name>
			<pose>Unspecified</pose>
			<truncated>0</truncated>
			<difficult>0</difficult>
			<bndbox>
				<xmin>654</xmin>
				<ymin>389</ymin>
				<xmax>711</xmax>
				<ymax>435</ymax>
			</bndbox>
		</object>
	</annotation>
