<?xml version="1.0" encoding="utf-8"?>
	<annotation>
		<folder>VOC2007</folder>
		<filename>018.jpg</filename>
		<size>
			<width>533</width>
			<height>637</height>
			<depth>3</depth>
		</size>
		<object>
			<name>airplane</name>
			<pose>Unspecified</pose>
			<truncated>0</truncated>
			<difficult>0</difficult>
			<bndbox>
				<xmin>59</xmin>
				<ymin>332</ymin>
				<xmax>152</xmax>
				<ymax>420</ymax>
			</bndbox>
		</object>
		<object>
			<name>airplane</name>
			<pose>Unspecified</pose>
			<truncated>0</truncated>
			<difficult>0</difficult>
			<bndbox>
				<xmin>69</xmin>
				<ymin>427</ymin>
				<xmax>172</xmax>
				<ymax>514</ymax>
			</bndbox>
		</object>
		<object>
			<name>airplane</name>
			<pose>Unspecified</pose>
			<truncated>0</truncated>
			<difficult>0</difficult>
			<bndbox>
				<xmin>88</xmin>
				<ymin>532</ymin>
				<xmax>180</xmax>
				<ymax>614</ymax>
			</bndbox>
		</object>
		<object>
			<name>airplane</name>
			<pose>Unspecified</pose>
			<truncated>0</truncated>
			<difficult>0</difficult>
			<bndbox>
				<xmin>226</xmin>
				<ymin>211</ymin>
				<xmax>338</xmax>
				<ymax>302</ymax>
			</bndbox>
		</object>
		<object>
			<name>airplane</name>
			<pose>Unspecified</pose>
			<truncated>0</truncated>
			<difficult>0</difficult>
			<bndbox>
				<xmin>378</xmin>
				<ymin>23</ymin>
				<xmax>458</xmax>
				<ymax>98</ymax>
			</bndbox>
		</object>
	</annotation>
