<?xml version="1.0" encoding="utf-8"?>
	<annotation>
		<folder>VOC2007</folder>
		<filename>022.jpg</filename>
		<size>
			<width>1176</width>
			<height>510</height>
			<depth>3</depth>
		</size>
		<object>
			<name>airplane</name>
			<pose>Unspecified</pose>
			<truncated>0</truncated>
			<difficult>0</difficult>
			<bndbox>
				<xmin>31</xmin>
				<ymin>137</ymin>
				<xmax>88</xmax>
				<ymax>211</ymax>
			</bndbox>
		</object>
		<object>
			<name>airplane</name>
			<pose>Unspecified</pose>
			<truncated>0</truncated>
			<difficult>0</difficult>
			<bndbox>
				<xmin>168</xmin>
				<ymin>139</ymin>
				<xmax>222</xmax>
				<ymax>204</ymax>
			</bndbox>
		</object>
		<object>
			<name>airplane</name>
			<pose>Unspecified</pose>
			<truncated>0</truncated>
			<difficult>0</difficult>
			<bndbox>
				<xmin>228</xmin>
				<ymin>131</ymin>
				<xmax>309</xmax>
				<ymax>212</ymax>
			</bndbox>
		</object>
		<object>
			<name>airplane</name>
			<pose>Unspecified</pose>
			<truncated>0</truncated>
			<difficult>0</difficult>
			<bndbox>
				<xmin>325</xmin>
				<ymin>140</ymin>
				<xmax>385</xmax>
				<ymax>201</ymax>
			</bndbox>
		</object>
		<object>
			<name>airplane</name>
			<pose>Unspecified</pose>
			<truncated>0</truncated>
			<difficult>0</difficult>
			<bndbox>
				<xmin>517</xmin>
				<ymin>116</ymin>
				<xmax>585</xmax>
				<ymax>186</ymax>
			</bndbox>
		</object>
		<object>
			<name>airplane</name>
			<pose>Unspecified</pose>
			<truncated>0</truncated>
			<difficult>0</difficult>
			<bndbox>
				<xmin>760</xmin>
				<ymin>114</ymin>
				<xmax>830</xmax>
				<ymax>183</ymax>
			</bndbox>
		</object>
		<object>
			<name>airplane</name>
			<pose>Unspecified</pose>
			<truncated>0</truncated>
			<difficult>0</difficult>
			<bndbox>
				<xmin>1023</xmin>
				<ymin>98</ymin>
				<xmax>1079</xmax>
				<ymax>161</ymax>
			</bndbox>
		</object>
		<object>
			<name>airplane</name>
			<pose>Unspecified</pose>
			<truncated>0</truncated>
			<difficult>0</difficult>
			<bndbox>
				<xmin>1008</xmin>
				<ymin>12</ymin>
				<xmax>1086</xmax>
				<ymax>64</ymax>
			</bndbox>
		</object>
		<object>
			<name>airplane</name>
			<pose>Unspecified</pose>
			<truncated>0</truncated>
			<difficult>0</difficult>
			<bndbox>
				<xmin>36</xmin>
				<ymin>302</ymin>
				<xmax>99</xmax>
				<ymax>378</ymax>
			</bndbox>
		</object>
		<object>
			<name>airplane</name>
			<pose>Unspecified</pose>
			<truncated>0</truncated>
			<difficult>0</difficult>
			<bndbox>
				<xmin>254</xmin>
				<ymin>286</ymin>
				<xmax>323</xmax>
				<ymax>360</ymax>
			</bndbox>
		</object>
		<object>
			<name>airplane</name>
			<pose>Unspecified</pose>
			<truncated>0</truncated>
			<difficult>0</difficult>
			<bndbox>
				<xmin>345</xmin>
				<ymin>284</ymin>
				<xmax>401</xmax>
				<ymax>355</ymax>
			</bndbox>
		</object>
		<object>
			<name>airplane</name>
			<pose>Unspecified</pose>
			<truncated>0</truncated>
			<difficult>0</difficult>
			<bndbox>
				<xmin>542</xmin>
				<ymin>268</ymin>
				<xmax>610</xmax>
				<ymax>344</ymax>
			</bndbox>
		</object>
		<object>
			<name>airplane</name>
			<pose>Unspecified</pose>
			<truncated>0</truncated>
			<difficult>0</difficult>
			<bndbox>
				<xmin>633</xmin>
				<ymin>262</ymin>
				<xmax>702</xmax>
				<ymax>337</ymax>
			</bndbox>
		</object>
		<object>
			<name>airplane</name>
			<pose>Unspecified</pose>
			<truncated>0</truncated>
			<difficult>0</difficult>
			<bndbox>
				<xmin>732</xmin>
				<ymin>334</ymin>
				<xmax>797</xmax>
				<ymax>400</ymax>
			</bndbox>
		</object>
		<object>
			<name>airplane</name>
			<pose>Unspecified</pose>
			<truncated>0</truncated>
			<difficult>0</difficult>
			<bndbox>
				<xmin>882</xmin>
				<ymin>369</ymin>
				<xmax>961</xmax>
				<ymax>426</ymax>
			</bndbox>
		</object>
		<object>
			<name>airplane</name>
			<pose>Unspecified</pose>
			<truncated>0</truncated>
			<difficult>0</difficult>
			<bndbox>
				<xmin>988</xmin>
				<ymin>250</ymin>
				<xmax>1055</xmax>
				<ymax>324</ymax>
			</bndbox>
		</object>
		<object>
			<name>airplane</name>
			<pose>Unspecified</pose>
			<truncated>0</truncated>
			<difficult>0</difficult>
			<bndbox>
				<xmin>1069</xmin>
				<ymin>241</ymin>
				<xmax>1137</xmax>
				<ymax>322</ymax>
			</bndbox>
		</object>
	</annotation>
