<?xml version="1.0" encoding="utf-8"?>
	<annotation>
		<folder>VOC2007</folder>
		<filename>024.jpg</filename>
		<size>
			<width>1200</width>
			<height>425</height>
			<depth>3</depth>
		</size>
		<object>
			<name>airplane</name>
			<pose>Unspecified</pose>
			<truncated>0</truncated>
			<difficult>0</difficult>
			<bndbox>
				<xmin>34</xmin>
				<ymin>120</ymin>
				<xmax>95</xmax>
				<ymax>189</ymax>
			</bndbox>
		</object>
		<object>
			<name>airplane</name>
			<pose>Unspecified</pose>
			<truncated>0</truncated>
			<difficult>0</difficult>
			<bndbox>
				<xmin>104</xmin>
				<ymin>119</ymin>
				<xmax>163</xmax>
				<ymax>184</ymax>
			</bndbox>
		</object>
		<object>
			<name>airplane</name>
			<pose>Unspecified</pose>
			<truncated>0</truncated>
			<difficult>0</difficult>
			<bndbox>
				<xmin>172</xmin>
				<ymin>111</ymin>
				<xmax>230</xmax>
				<ymax>175</ymax>
			</bndbox>
		</object>
		<object>
			<name>airplane</name>
			<pose>Unspecified</pose>
			<truncated>0</truncated>
			<difficult>0</difficult>
			<bndbox>
				<xmin>243</xmin>
				<ymin>113</ymin>
				<xmax>300</xmax>
				<ymax>175</ymax>
			</bndbox>
		</object>
		<object>
			<name>airplane</name>
			<pose>Unspecified</pose>
			<truncated>0</truncated>
			<difficult>0</difficult>
			<bndbox>
				<xmin>307</xmin>
				<ymin>108</ymin>
				<xmax>369</xmax>
				<ymax>170</ymax>
			</bndbox>
		</object>
		<object>
			<name>airplane</name>
			<pose>Unspecified</pose>
			<truncated>0</truncated>
			<difficult>0</difficult>
			<bndbox>
				<xmin>377</xmin>
				<ymin>101</ymin>
				<xmax>439</xmax>
				<ymax>162</ymax>
			</bndbox>
		</object>
		<object>
			<name>airplane</name>
			<pose>Unspecified</pose>
			<truncated>0</truncated>
			<difficult>0</difficult>
			<bndbox>
				<xmin>450</xmin>
				<ymin>94</ymin>
				<xmax>503</xmax>
				<ymax>156</ymax>
			</bndbox>
		</object>
		<object>
			<name>airplane</name>
			<pose>Unspecified</pose>
			<truncated>0</truncated>
			<difficult>0</difficult>
			<bndbox>
				<xmin>508</xmin>
				<ymin>88</ymin>
				<xmax>562</xmax>
				<ymax>143</ymax>
			</bndbox>
		</object>
		<object>
			<name>airplane</name>
			<pose>Unspecified</pose>
			<truncated>0</truncated>
			<difficult>0</difficult>
			<bndbox>
				<xmin>644</xmin>
				<ymin>88</ymin>
				<xmax>695</xmax>
				<ymax>152</ymax>
			</bndbox>
		</object>
		<object>
			<name>airplane</name>
			<pose>Unspecified</pose>
			<truncated>0</truncated>
			<difficult>0</difficult>
			<bndbox>
				<xmin>702</xmin>
				<ymin>80</ymin>
				<xmax>754</xmax>
				<ymax>143</ymax>
			</bndbox>
		</object>
		<object>
			<name>airplane</name>
			<pose>Unspecified</pose>
			<truncated>0</truncated>
			<difficult>0</difficult>
			<bndbox>
				<xmin>763</xmin>
				<ymin>77</ymin>
				<xmax>815</xmax>
				<ymax>139</ymax>
			</bndbox>
		</object>
		<object>
			<name>airplane</name>
			<pose>Unspecified</pose>
			<truncated>0</truncated>
			<difficult>0</difficult>
			<bndbox>
				<xmin>826</xmin>
				<ymin>80</ymin>
				<xmax>882</xmax>
				<ymax>143</ymax>
			</bndbox>
		</object>
		<object>
			<name>airplane</name>
			<pose>Unspecified</pose>
			<truncated>0</truncated>
			<difficult>0</difficult>
			<bndbox>
				<xmin>885</xmin>
				<ymin>74</ymin>
				<xmax>939</xmax>
				<ymax>137</ymax>
			</bndbox>
		</object>
		<object>
			<name>airplane</name>
			<pose>Unspecified</pose>
			<truncated>0</truncated>
			<difficult>0</difficult>
			<bndbox>
				<xmin>942</xmin>
				<ymin>69</ymin>
				<xmax>998</xmax>
				<ymax>131</ymax>
			</bndbox>
		</object>
		<object>
			<name>airplane</name>
			<pose>Unspecified</pose>
			<truncated>0</truncated>
			<difficult>0</difficult>
			<bndbox>
				<xmin>1005</xmin>
				<ymin>65</ymin>
				<xmax>1059</xmax>
				<ymax>127</ymax>
			</bndbox>
		</object>
		<object>
			<name>airplane</name>
			<pose>Unspecified</pose>
			<truncated>0</truncated>
			<difficult>0</difficult>
			<bndbox>
				<xmin>1073</xmin>
				<ymin>66</ymin>
				<xmax>1123</xmax>
				<ymax>126</ymax>
			</bndbox>
		</object>
		<object>
			<name>airplane</name>
			<pose>Unspecified</pose>
			<truncated>0</truncated>
			<difficult>0</difficult>
			<bndbox>
				<xmin>84</xmin>
				<ymin>274</ymin>
				<xmax>140</xmax>
				<ymax>343</ymax>
			</bndbox>
		</object>
		<object>
			<name>airplane</name>
			<pose>Unspecified</pose>
			<truncated>0</truncated>
			<difficult>0</difficult>
			<bndbox>
				<xmin>287</xmin>
				<ymin>264</ymin>
				<xmax>356</xmax>
				<ymax>336</ymax>
			</bndbox>
		</object>
		<object>
			<name>airplane</name>
			<pose>Unspecified</pose>
			<truncated>0</truncated>
			<difficult>0</difficult>
			<bndbox>
				<xmin>372</xmin>
				<ymin>268</ymin>
				<xmax>419</xmax>
				<ymax>332</ymax>
			</bndbox>
		</object>
		<object>
			<name>airplane</name>
			<pose>Unspecified</pose>
			<truncated>0</truncated>
			<difficult>0</difficult>
			<bndbox>
				<xmin>607</xmin>
				<ymin>252</ymin>
				<xmax>668</xmax>
				<ymax>306</ymax>
			</bndbox>
		</object>
		<object>
			<name>airplane</name>
			<pose>Unspecified</pose>
			<truncated>0</truncated>
			<difficult>0</difficult>
			<bndbox>
				<xmin>746</xmin>
				<ymin>223</ymin>
				<xmax>814</xmax>
				<ymax>294</ymax>
			</bndbox>
		</object>
		<object>
			<name>airplane</name>
			<pose>Unspecified</pose>
			<truncated>0</truncated>
			<difficult>0</difficult>
			<bndbox>
				<xmin>899</xmin>
				<ymin>235</ymin>
				<xmax>951</xmax>
				<ymax>296</ymax>
			</bndbox>
		</object>
		<object>
			<name>airplane</name>
			<pose>Unspecified</pose>
			<truncated>0</truncated>
			<difficult>0</difficult>
			<bndbox>
				<xmin>959</xmin>
				<ymin>220</ymin>
				<xmax>1026</xmax>
				<ymax>290</ymax>
			</bndbox>
		</object>
		<object>
			<name>airplane</name>
			<pose>Unspecified</pose>
			<truncated>0</truncated>
			<difficult>0</difficult>
			<bndbox>
				<xmin>1034</xmin>
				<ymin>225</ymin>
				<xmax>1091</xmax>
				<ymax>288</ymax>
			</bndbox>
		</object>
		<object>
			<name>airplane</name>
			<pose>Unspecified</pose>
			<truncated>0</truncated>
			<difficult>0</difficult>
			<bndbox>
				<xmin>1106</xmin>
				<ymin>211</ymin>
				<xmax>1157</xmax>
				<ymax>277</ymax>
			</bndbox>
		</object>
		<object>
			<name>airplane</name>
			<pose>Unspecified</pose>
			<truncated>0</truncated>
			<difficult>0</difficult>
			<bndbox>
				<xmin>795</xmin>
				<ymin>334</ymin>
				<xmax>878</xmax>
				<ymax>391</ymax>
			</bndbox>
		</object>
	</annotation>
