<?xml version="1.0" encoding="utf-8"?>
	<annotation>
		<folder>VOC2007</folder>
		<filename>038.jpg</filename>
		<size>
			<width>1039</width>
			<height>649</height>
			<depth>3</depth>
		</size>
		<object>
			<name>airplane</name>
			<pose>Unspecified</pose>
			<truncated>0</truncated>
			<difficult>0</difficult>
			<bndbox>
				<xmin>74</xmin>
				<ymin>61</ymin>
				<xmax>152</xmax>
				<ymax>167</ymax>
			</bndbox>
		</object>
		<object>
			<name>airplane</name>
			<pose>Unspecified</pose>
			<truncated>0</truncated>
			<difficult>0</difficult>
			<bndbox>
				<xmin>70</xmin>
				<ymin>248</ymin>
				<xmax>156</xmax>
				<ymax>333</ymax>
			</bndbox>
		</object>
		<object>
			<name>airplane</name>
			<pose>Unspecified</pose>
			<truncated>0</truncated>
			<difficult>0</difficult>
			<bndbox>
				<xmin>74</xmin>
				<ymin>441</ymin>
				<xmax>182</xmax>
				<ymax>537</ymax>
			</bndbox>
		</object>
		<object>
			<name>airplane</name>
			<pose>Unspecified</pose>
			<truncated>0</truncated>
			<difficult>0</difficult>
			<bndbox>
				<xmin>256</xmin>
				<ymin>53</ymin>
				<xmax>337</xmax>
				<ymax>145</ymax>
			</bndbox>
		</object>
		<object>
			<name>airplane</name>
			<pose>Unspecified</pose>
			<truncated>0</truncated>
			<difficult>0</difficult>
			<bndbox>
				<xmin>332</xmin>
				<ymin>175</ymin>
				<xmax>423</xmax>
				<ymax>262</ymax>
			</bndbox>
		</object>
		<object>
			<name>airplane</name>
			<pose>Unspecified</pose>
			<truncated>0</truncated>
			<difficult>0</difficult>
			<bndbox>
				<xmin>321</xmin>
				<ymin>263</ymin>
				<xmax>429</xmax>
				<ymax>351</ymax>
			</bndbox>
		</object>
		<object>
			<name>airplane</name>
			<pose>Unspecified</pose>
			<truncated>0</truncated>
			<difficult>0</difficult>
			<bndbox>
				<xmin>337</xmin>
				<ymin>354</ymin>
				<xmax>422</xmax>
				<ymax>440</ymax>
			</bndbox>
		</object>
		<object>
			<name>airplane</name>
			<pose>Unspecified</pose>
			<truncated>0</truncated>
			<difficult>0</difficult>
			<bndbox>
				<xmin>350</xmin>
				<ymin>534</ymin>
				<xmax>437</xmax>
				<ymax>620</ymax>
			</bndbox>
		</object>
		<object>
			<name>airplane</name>
			<pose>Unspecified</pose>
			<truncated>0</truncated>
			<difficult>0</difficult>
			<bndbox>
				<xmin>626</xmin>
				<ymin>95</ymin>
				<xmax>709</xmax>
				<ymax>169</ymax>
			</bndbox>
		</object>
		<object>
			<name>airplane</name>
			<pose>Unspecified</pose>
			<truncated>0</truncated>
			<difficult>0</difficult>
			<bndbox>
				<xmin>624</xmin>
				<ymin>169</ymin>
				<xmax>706</xmax>
				<ymax>258</ymax>
			</bndbox>
		</object>
		<object>
			<name>airplane</name>
			<pose>Unspecified</pose>
			<truncated>0</truncated>
			<difficult>0</difficult>
			<bndbox>
				<xmin>635</xmin>
				<ymin>331</ymin>
				<xmax>743</xmax>
				<ymax>432</ymax>
			</bndbox>
		</object>
		<object>
			<name>airplane</name>
			<pose>Unspecified</pose>
			<truncated>0</truncated>
			<difficult>0</difficult>
			<bndbox>
				<xmin>774</xmin>
				<ymin>28</ymin>
				<xmax>851</xmax>
				<ymax>122</ymax>
			</bndbox>
		</object>
		<object>
			<name>airplane</name>
			<pose>Unspecified</pose>
			<truncated>0</truncated>
			<difficult>0</difficult>
			<bndbox>
				<xmin>847</xmin>
				<ymin>229</ymin>
				<xmax>956</xmax>
				<ymax>321</ymax>
			</bndbox>
		</object>
		<object>
			<name>airplane</name>
			<pose>Unspecified</pose>
			<truncated>0</truncated>
			<difficult>0</difficult>
			<bndbox>
				<xmin>858</xmin>
				<ymin>404</ymin>
				<xmax>966</xmax>
				<ymax>490</ymax>
			</bndbox>
		</object>
	</annotation>
