<?xml version="1.0" encoding="utf-8"?>
	<annotation>
		<folder>VOC2007</folder>
		<filename>040.jpg</filename>
		<size>
			<width>1165</width>
			<height>609</height>
			<depth>3</depth>
		</size>
		<object>
			<name>airplane</name>
			<pose>Unspecified</pose>
			<truncated>0</truncated>
			<difficult>0</difficult>
			<bndbox>
				<xmin>138</xmin>
				<ymin>116</ymin>
				<xmax>218</xmax>
				<ymax>198</ymax>
			</bndbox>
		</object>
		<object>
			<name>airplane</name>
			<pose>Unspecified</pose>
			<truncated>0</truncated>
			<difficult>0</difficult>
			<bndbox>
				<xmin>65</xmin>
				<ymin>225</ymin>
				<xmax>150</xmax>
				<ymax>291</ymax>
			</bndbox>
		</object>
		<object>
			<name>airplane</name>
			<pose>Unspecified</pose>
			<truncated>0</truncated>
			<difficult>0</difficult>
			<bndbox>
				<xmin>33</xmin>
				<ymin>336</ymin>
				<xmax>140</xmax>
				<ymax>410</ymax>
			</bndbox>
		</object>
		<object>
			<name>airplane</name>
			<pose>Unspecified</pose>
			<truncated>0</truncated>
			<difficult>0</difficult>
			<bndbox>
				<xmin>188</xmin>
				<ymin>476</ymin>
				<xmax>264</xmax>
				<ymax>549</ymax>
			</bndbox>
		</object>
		<object>
			<name>airplane</name>
			<pose>Unspecified</pose>
			<truncated>0</truncated>
			<difficult>0</difficult>
			<bndbox>
				<xmin>504</xmin>
				<ymin>96</ymin>
				<xmax>588</xmax>
				<ymax>184</ymax>
			</bndbox>
		</object>
		<object>
			<name>airplane</name>
			<pose>Unspecified</pose>
			<truncated>0</truncated>
			<difficult>0</difficult>
			<bndbox>
				<xmin>623</xmin>
				<ymin>77</ymin>
				<xmax>708</xmax>
				<ymax>162</ymax>
			</bndbox>
		</object>
		<object>
			<name>airplane</name>
			<pose>Unspecified</pose>
			<truncated>0</truncated>
			<difficult>0</difficult>
			<bndbox>
				<xmin>734</xmin>
				<ymin>39</ymin>
				<xmax>827</xmax>
				<ymax>131</ymax>
			</bndbox>
		</object>
		<object>
			<name>airplane</name>
			<pose>Unspecified</pose>
			<truncated>0</truncated>
			<difficult>0</difficult>
			<bndbox>
				<xmin>965</xmin>
				<ymin>66</ymin>
				<xmax>1059</xmax>
				<ymax>140</ymax>
			</bndbox>
		</object>
		<object>
			<name>airplane</name>
			<pose>Unspecified</pose>
			<truncated>0</truncated>
			<difficult>0</difficult>
			<bndbox>
				<xmin>1014</xmin>
				<ymin>170</ymin>
				<xmax>1095</xmax>
				<ymax>245</ymax>
			</bndbox>
		</object>
		<object>
			<name>airplane</name>
			<pose>Unspecified</pose>
			<truncated>0</truncated>
			<difficult>0</difficult>
			<bndbox>
				<xmin>1019</xmin>
				<ymin>281</ymin>
				<xmax>1127</xmax>
				<ymax>366</ymax>
			</bndbox>
		</object>
	</annotation>
