<?xml version="1.0" encoding="utf-8"?>
	<annotation>
		<folder>VOC2007</folder>
		<filename>058.jpg</filename>
		<size>
			<width>906</width>
			<height>821</height>
			<depth>3</depth>
		</size>
		<object>
			<name>airplane</name>
			<pose>Unspecified</pose>
			<truncated>0</truncated>
			<difficult>0</difficult>
			<bndbox>
				<xmin>141</xmin>
				<ymin>333</ymin>
				<xmax>209</xmax>
				<ymax>393</ymax>
			</bndbox>
		</object>
		<object>
			<name>airplane</name>
			<pose>Unspecified</pose>
			<truncated>0</truncated>
			<difficult>0</difficult>
			<bndbox>
				<xmin>228</xmin>
				<ymin>350</ymin>
				<xmax>297</xmax>
				<ymax>409</ymax>
			</bndbox>
		</object>
		<object>
			<name>airplane</name>
			<pose>Unspecified</pose>
			<truncated>0</truncated>
			<difficult>0</difficult>
			<bndbox>
				<xmin>77</xmin>
				<ymin>461</ymin>
				<xmax>150</xmax>
				<ymax>528</ymax>
			</bndbox>
		</object>
		<object>
			<name>airplane</name>
			<pose>Unspecified</pose>
			<truncated>0</truncated>
			<difficult>0</difficult>
			<bndbox>
				<xmin>168</xmin>
				<ymin>477</ymin>
				<xmax>242</xmax>
				<ymax>545</ymax>
			</bndbox>
		</object>
		<object>
			<name>airplane</name>
			<pose>Unspecified</pose>
			<truncated>0</truncated>
			<difficult>0</difficult>
			<bndbox>
				<xmin>20</xmin>
				<ymin>557</ymin>
				<xmax>90</xmax>
				<ymax>616</ymax>
			</bndbox>
		</object>
		<object>
			<name>airplane</name>
			<pose>Unspecified</pose>
			<truncated>0</truncated>
			<difficult>0</difficult>
			<bndbox>
				<xmin>343</xmin>
				<ymin>511</ymin>
				<xmax>416</xmax>
				<ymax>578</ymax>
			</bndbox>
		</object>
		<object>
			<name>airplane</name>
			<pose>Unspecified</pose>
			<truncated>0</truncated>
			<difficult>0</difficult>
			<bndbox>
				<xmin>361</xmin>
				<ymin>622</ymin>
				<xmax>414</xmax>
				<ymax>711</ymax>
			</bndbox>
		</object>
		<object>
			<name>airplane</name>
			<pose>Unspecified</pose>
			<truncated>0</truncated>
			<difficult>0</difficult>
			<bndbox>
				<xmin>435</xmin>
				<ymin>636</ymin>
				<xmax>488</xmax>
				<ymax>722</ymax>
			</bndbox>
		</object>
		<object>
			<name>airplane</name>
			<pose>Unspecified</pose>
			<truncated>0</truncated>
			<difficult>0</difficult>
			<bndbox>
				<xmin>528</xmin>
				<ymin>653</ymin>
				<xmax>573</xmax>
				<ymax>718</ymax>
			</bndbox>
		</object>
		<object>
			<name>airplane</name>
			<pose>Unspecified</pose>
			<truncated>0</truncated>
			<difficult>0</difficult>
			<bndbox>
				<xmin>597</xmin>
				<ymin>428</ymin>
				<xmax>642</xmax>
				<ymax>485</ymax>
			</bndbox>
		</object>
		<object>
			<name>airplane</name>
			<pose>Unspecified</pose>
			<truncated>0</truncated>
			<difficult>0</difficult>
			<bndbox>
				<xmin>662</xmin>
				<ymin>437</ymin>
				<xmax>701</xmax>
				<ymax>491</ymax>
			</bndbox>
		</object>
		<object>
			<name>airplane</name>
			<pose>Unspecified</pose>
			<truncated>0</truncated>
			<difficult>0</difficult>
			<bndbox>
				<xmin>824</xmin>
				<ymin>565</ymin>
				<xmax>900</xmax>
				<ymax>629</ymax>
			</bndbox>
		</object>
	</annotation>
