<?xml version="1.0" encoding="utf-8"?>
	<annotation>
		<folder>VOC2007</folder>
		<filename>062.jpg</filename>
		<size>
			<width>939</width>
			<height>805</height>
			<depth>3</depth>
		</size>
		<object>
			<name>airplane</name>
			<pose>Unspecified</pose>
			<truncated>0</truncated>
			<difficult>0</difficult>
			<bndbox>
				<xmin>357</xmin>
				<ymin>521</ymin>
				<xmax>433</xmax>
				<ymax>590</ymax>
			</bndbox>
		</object>
		<object>
			<name>airplane</name>
			<pose>Unspecified</pose>
			<truncated>0</truncated>
			<difficult>0</difficult>
			<bndbox>
				<xmin>846</xmin>
				<ymin>394</ymin>
				<xmax>938</xmax>
				<ymax>503</ymax>
			</bndbox>
		</object>
	</annotation>
