<?xml version="1.0" encoding="utf-8"?>
	<annotation>
		<folder>VOC2007</folder>
		<filename>067.jpg</filename>
		<size>
			<width>981</width>
			<height>765</height>
			<depth>3</depth>
		</size>
		<object>
			<name>airplane</name>
			<pose>Unspecified</pose>
			<truncated>0</truncated>
			<difficult>0</difficult>
			<bndbox>
				<xmin>207</xmin>
				<ymin>676</ymin>
				<xmax>293</xmax>
				<ymax>757</ymax>
			</bndbox>
		</object>
		<object>
			<name>storage tank</name>
			<pose>Unspecified</pose>
			<truncated>0</truncated>
			<difficult>0</difficult>
			<bndbox>
				<xmin>486</xmin>
				<ymin>98</ymin>
				<xmax>533</xmax>
				<ymax>145</ymax>
			</bndbox>
		</object>
		<object>
			<name>storage tank</name>
			<pose>Unspecified</pose>
			<truncated>0</truncated>
			<difficult>0</difficult>
			<bndbox>
				<xmin>509</xmin>
				<ymin>153</ymin>
				<xmax>556</xmax>
				<ymax>202</ymax>
			</bndbox>
		</object>
		<object>
			<name>storage tank</name>
			<pose>Unspecified</pose>
			<truncated>0</truncated>
			<difficult>0</difficult>
			<bndbox>
				<xmin>541</xmin>
				<ymin>74</ymin>
				<xmax>590</xmax>
				<ymax>122</ymax>
			</bndbox>
		</object>
		<object>
			<name>storage tank</name>
			<pose>Unspecified</pose>
			<truncated>0</truncated>
			<difficult>0</difficult>
			<bndbox>
				<xmin>566</xmin>
				<ymin>128</ymin>
				<xmax>613</xmax>
				<ymax>179</ymax>
			</bndbox>
		</object>
		<object>
			<name>storage tank</name>
			<pose>Unspecified</pose>
			<truncated>0</truncated>
			<difficult>0</difficult>
			<bndbox>
				<xmin>602</xmin>
				<ymin>53</ymin>
				<xmax>645</xmax>
				<ymax>97</ymax>
			</bndbox>
		</object>
		<object>
			<name>storage tank</name>
			<pose>Unspecified</pose>
			<truncated>0</truncated>
			<difficult>0</difficult>
			<bndbox>
				<xmin>626</xmin>
				<ymin>109</ymin>
				<xmax>671</xmax>
				<ymax>154</ymax>
			</bndbox>
		</object>
		<object>
			<name>storage tank</name>
			<pose>Unspecified</pose>
			<truncated>0</truncated>
			<difficult>0</difficult>
			<bndbox>
				<xmin>658</xmin>
				<ymin>30</ymin>
				<xmax>704</xmax>
				<ymax>74</ymax>
			</bndbox>
		</object>
		<object>
			<name>storage tank</name>
			<pose>Unspecified</pose>
			<truncated>0</truncated>
			<difficult>0</difficult>
			<bndbox>
				<xmin>681</xmin>
				<ymin>84</ymin>
				<xmax>727</xmax>
				<ymax>132</ymax>
			</bndbox>
		</object>
	</annotation>
