<?xml version="1.0" encoding="utf-8"?>
	<annotation>
		<folder>VOC2007</folder>
		<filename>070.jpg</filename>
		<size>
			<width>977</width>
			<height>772</height>
			<depth>3</depth>
		</size>
		<object>
			<name>airplane</name>
			<pose>Unspecified</pose>
			<truncated>0</truncated>
			<difficult>0</difficult>
			<bndbox>
				<xmin>377</xmin>
				<ymin>40</ymin>
				<xmax>409</xmax>
				<ymax>73</ymax>
			</bndbox>
		</object>
		<object>
			<name>airplane</name>
			<pose>Unspecified</pose>
			<truncated>0</truncated>
			<difficult>0</difficult>
			<bndbox>
				<xmin>60</xmin>
				<ymin>144</ymin>
				<xmax>95</xmax>
				<ymax>181</ymax>
			</bndbox>
		</object>
		<object>
			<name>airplane</name>
			<pose>Unspecified</pose>
			<truncated>0</truncated>
			<difficult>0</difficult>
			<bndbox>
				<xmin>98</xmin>
				<ymin>178</ymin>
				<xmax>172</xmax>
				<ymax>241</ymax>
			</bndbox>
		</object>
		<object>
			<name>airplane</name>
			<pose>Unspecified</pose>
			<truncated>0</truncated>
			<difficult>0</difficult>
			<bndbox>
				<xmin>142</xmin>
				<ymin>249</ymin>
				<xmax>199</xmax>
				<ymax>298</ymax>
			</bndbox>
		</object>
		<object>
			<name>airplane</name>
			<pose>Unspecified</pose>
			<truncated>0</truncated>
			<difficult>0</difficult>
			<bndbox>
				<xmin>232</xmin>
				<ymin>367</ymin>
				<xmax>288</xmax>
				<ymax>416</ymax>
			</bndbox>
		</object>
		<object>
			<name>airplane</name>
			<pose>Unspecified</pose>
			<truncated>0</truncated>
			<difficult>0</difficult>
			<bndbox>
				<xmin>381</xmin>
				<ymin>553</ymin>
				<xmax>461</xmax>
				<ymax>633</ymax>
			</bndbox>
		</object>
		<object>
			<name>airplane</name>
			<pose>Unspecified</pose>
			<truncated>0</truncated>
			<difficult>0</difficult>
			<bndbox>
				<xmin>444</xmin>
				<ymin>660</ymin>
				<xmax>484</xmax>
				<ymax>705</ymax>
			</bndbox>
		</object>
	</annotation>
