<?xml version="1.0" encoding="utf-8"?>
	<annotation>
		<folder>VOC2007</folder>
		<filename>074.jpg</filename>
		<size>
			<width>975</width>
			<height>773</height>
			<depth>3</depth>
		</size>
		<object>
			<name>airplane</name>
			<pose>Unspecified</pose>
			<truncated>0</truncated>
			<difficult>0</difficult>
			<bndbox>
				<xmin>348</xmin>
				<ymin>311</ymin>
				<xmax>393</xmax>
				<ymax>359</ymax>
			</bndbox>
		</object>
		<object>
			<name>airplane</name>
			<pose>Unspecified</pose>
			<truncated>0</truncated>
			<difficult>0</difficult>
			<bndbox>
				<xmin>634</xmin>
				<ymin>412</ymin>
				<xmax>679</xmax>
				<ymax>467</ymax>
			</bndbox>
		</object>
		<object>
			<name>airplane</name>
			<pose>Unspecified</pose>
			<truncated>0</truncated>
			<difficult>0</difficult>
			<bndbox>
				<xmin>615</xmin>
				<ymin>636</ymin>
				<xmax>660</xmax>
				<ymax>678</ymax>
			</bndbox>
		</object>
	</annotation>
