<?xml version="1.0" encoding="utf-8"?>
	<annotation>
		<folder>VOC2007</folder>
		<filename>075.jpg</filename>
		<size>
			<width>971</width>
			<height>746</height>
			<depth>3</depth>
		</size>
		<object>
			<name>airplane</name>
			<pose>Unspecified</pose>
			<truncated>0</truncated>
			<difficult>0</difficult>
			<bndbox>
				<xmin>159</xmin>
				<ymin>315</ymin>
				<xmax>234</xmax>
				<ymax>387</ymax>
			</bndbox>
		</object>
		<object>
			<name>airplane</name>
			<pose>Unspecified</pose>
			<truncated>0</truncated>
			<difficult>0</difficult>
			<bndbox>
				<xmin>486</xmin>
				<ymin>435</ymin>
				<xmax>533</xmax>
				<ymax>479</ymax>
			</bndbox>
		</object>
		<object>
			<name>airplane</name>
			<pose>Unspecified</pose>
			<truncated>0</truncated>
			<difficult>0</difficult>
			<bndbox>
				<xmin>726</xmin>
				<ymin>435</ymin>
				<xmax>803</xmax>
				<ymax>508</ymax>
			</bndbox>
		</object>
		<object>
			<name>airplane</name>
			<pose>Unspecified</pose>
			<truncated>0</truncated>
			<difficult>0</difficult>
			<bndbox>
				<xmin>791</xmin>
				<ymin>512</ymin>
				<xmax>878</xmax>
				<ymax>595</ymax>
			</bndbox>
		</object>
	</annotation>
