<?xml version="1.0" encoding="utf-8"?>
	<annotation>
		<folder>VOC2007</folder>
		<filename>079.jpg</filename>
		<size>
			<width>881</width>
			<height>661</height>
			<depth>3</depth>
		</size>
		<object>
			<name>airplane</name>
			<pose>Unspecified</pose>
			<truncated>0</truncated>
			<difficult>0</difficult>
			<bndbox>
				<xmin>164</xmin>
				<ymin>95</ymin>
				<xmax>240</xmax>
				<ymax>168</ymax>
			</bndbox>
		</object>
		<object>
			<name>airplane</name>
			<pose>Unspecified</pose>
			<truncated>0</truncated>
			<difficult>0</difficult>
			<bndbox>
				<xmin>512</xmin>
				<ymin>474</ymin>
				<xmax>578</xmax>
				<ymax>567</ymax>
			</bndbox>
		</object>
	</annotation>
