<?xml version="1.0" encoding="utf-8"?>
	<annotation>
		<folder>VOC2007</folder>
		<filename>082.jpg</filename>
		<size>
			<width>1054</width>
			<height>693</height>
			<depth>3</depth>
		</size>
		<object>
			<name>baseball diamond</name>
			<pose>Unspecified</pose>
			<truncated>0</truncated>
			<difficult>0</difficult>
			<bndbox>
				<xmin>864</xmin>
				<ymin>118</ymin>
				<xmax>924</xmax>
				<ymax>185</ymax>
			</bndbox>
		</object>
		<object>
			<name>baseball diamond</name>
			<pose>Unspecified</pose>
			<truncated>0</truncated>
			<difficult>0</difficult>
			<bndbox>
				<xmin>825</xmin>
				<ymin>495</ymin>
				<xmax>906</xmax>
				<ymax>583</ymax>
			</bndbox>
		</object>
	</annotation>
