<?xml version="1.0" encoding="utf-8"?>
	<annotation>
		<folder>VOC2007</folder>
		<filename>086.jpg</filename>
		<size>
			<width>1068</width>
			<height>705</height>
			<depth>3</depth>
		</size>
		<object>
			<name>baseball diamond</name>
			<pose>Unspecified</pose>
			<truncated>0</truncated>
			<difficult>0</difficult>
			<bndbox>
				<xmin>903</xmin>
				<ymin>79</ymin>
				<xmax>996</xmax>
				<ymax>176</ymax>
			</bndbox>
		</object>
		<object>
			<name>baseball diamond</name>
			<pose>Unspecified</pose>
			<truncated>0</truncated>
			<difficult>0</difficult>
			<bndbox>
				<xmin>104</xmin>
				<ymin>470</ymin>
				<xmax>167</xmax>
				<ymax>541</ymax>
			</bndbox>
		</object>
		<object>
			<name>tennis court</name>
			<pose>Unspecified</pose>
			<truncated>0</truncated>
			<difficult>0</difficult>
			<bndbox>
				<xmin>36</xmin>
				<ymin>611</ymin>
				<xmax>68</xmax>
				<ymax>667</ymax>
			</bndbox>
		</object>
		<object>
			<name>tennis court</name>
			<pose>Unspecified</pose>
			<truncated>0</truncated>
			<difficult>0</difficult>
			<bndbox>
				<xmin>68</xmin>
				<ymin>611</ymin>
				<xmax>98</xmax>
				<ymax>667</ymax>
			</bndbox>
		</object>
		<object>
			<name>tennis court</name>
			<pose>Unspecified</pose>
			<truncated>0</truncated>
			<difficult>0</difficult>
			<bndbox>
				<xmin>98</xmin>
				<ymin>611</ymin>
				<xmax>128</xmax>
				<ymax>667</ymax>
			</bndbox>
		</object>
		<object>
			<name>tennis court</name>
			<pose>Unspecified</pose>
			<truncated>0</truncated>
			<difficult>0</difficult>
			<bndbox>
				<xmin>128</xmin>
				<ymin>611</ymin>
				<xmax>159</xmax>
				<ymax>667</ymax>
			</bndbox>
		</object>
	</annotation>
