<?xml version="1.0" encoding="utf-8"?>
	<annotation>
		<folder>VOC2007</folder>
		<filename>088.jpg</filename>
		<size>
			<width>1156</width>
			<height>607</height>
			<depth>3</depth>
		</size>
		<object>
			<name>baseball diamond</name>
			<pose>Unspecified</pose>
			<truncated>0</truncated>
			<difficult>0</difficult>
			<bndbox>
				<xmin>504</xmin>
				<ymin>19</ymin>
				<xmax>569</xmax>
				<ymax>63</ymax>
			</bndbox>
		</object>
		<object>
			<name>baseball diamond</name>
			<pose>Unspecified</pose>
			<truncated>0</truncated>
			<difficult>0</difficult>
			<bndbox>
				<xmin>602</xmin>
				<ymin>106</ymin>
				<xmax>670</xmax>
				<ymax>158</ymax>
			</bndbox>
		</object>
		<object>
			<name>baseball diamond</name>
			<pose>Unspecified</pose>
			<truncated>0</truncated>
			<difficult>0</difficult>
			<bndbox>
				<xmin>568</xmin>
				<ymin>505</ymin>
				<xmax>648</xmax>
				<ymax>576</ymax>
			</bndbox>
		</object>
	</annotation>
