<?xml version="1.0" encoding="utf-8"?>
	<annotation>
		<folder>VOC2007</folder>
		<filename>090.jpg</filename>
		<size>
			<width>1072</width>
			<height>702</height>
			<depth>3</depth>
		</size>
		<object>
			<name>baseball diamond</name>
			<pose>Unspecified</pose>
			<truncated>0</truncated>
			<difficult>0</difficult>
			<bndbox>
				<xmin>773</xmin>
				<ymin>73</ymin>
				<xmax>864</xmax>
				<ymax>175</ymax>
			</bndbox>
		</object>
		<object>
			<name>baseball diamond</name>
			<pose>Unspecified</pose>
			<truncated>0</truncated>
			<difficult>0</difficult>
			<bndbox>
				<xmin>884</xmin>
				<ymin>164</ymin>
				<xmax>983</xmax>
				<ymax>262</ymax>
			</bndbox>
		</object>
	</annotation>
