<?xml version="1.0" encoding="utf-8"?>
	<annotation>
		<folder>VOC2007</folder>
		<filename>092.jpg</filename>
		<size>
			<width>1074</width>
			<height>706</height>
			<depth>3</depth>
		</size>
		<object>
			<name>baseball diamond</name>
			<pose>Unspecified</pose>
			<truncated>0</truncated>
			<difficult>0</difficult>
			<bndbox>
				<xmin>356</xmin>
				<ymin>90</ymin>
				<xmax>426</xmax>
				<ymax>162</ymax>
			</bndbox>
		</object>
		<object>
			<name>baseball diamond</name>
			<pose>Unspecified</pose>
			<truncated>0</truncated>
			<difficult>0</difficult>
			<bndbox>
				<xmin>262</xmin>
				<ymin>132</ymin>
				<xmax>333</xmax>
				<ymax>207</ymax>
			</bndbox>
		</object>
		<object>
			<name>baseball diamond</name>
			<pose>Unspecified</pose>
			<truncated>0</truncated>
			<difficult>0</difficult>
			<bndbox>
				<xmin>478</xmin>
				<ymin>354</ymin>
				<xmax>577</xmax>
				<ymax>452</ymax>
			</bndbox>
		</object>
		<object>
			<name>baseball diamond</name>
			<pose>Unspecified</pose>
			<truncated>0</truncated>
			<difficult>0</difficult>
			<bndbox>
				<xmin>372</xmin>
				<ymin>412</ymin>
				<xmax>467</xmax>
				<ymax>511</ymax>
			</bndbox>
		</object>
		<object>
			<name>baseball diamond</name>
			<pose>Unspecified</pose>
			<truncated>0</truncated>
			<difficult>0</difficult>
			<bndbox>
				<xmin>564</xmin>
				<ymin>440</ymin>
				<xmax>690</xmax>
				<ymax>577</ymax>
			</bndbox>
		</object>
		<object>
			<name>baseball diamond</name>
			<pose>Unspecified</pose>
			<truncated>0</truncated>
			<difficult>0</difficult>
			<bndbox>
				<xmin>425</xmin>
				<ymin>508</ymin>
				<xmax>550</xmax>
				<ymax>634</ymax>
			</bndbox>
		</object>
	</annotation>
