<?xml version="1.0" encoding="utf-8"?>
	<annotation>
		<folder>VOC2007</folder>
		<filename>093.jpg</filename>
		<size>
			<width>726</width>
			<height>538</height>
			<depth>3</depth>
		</size>
		<object>
			<name>baseball diamond</name>
			<pose>Unspecified</pose>
			<truncated>0</truncated>
			<difficult>0</difficult>
			<bndbox>
				<xmin>346</xmin>
				<ymin>121</ymin>
				<xmax>419</xmax>
				<ymax>170</ymax>
			</bndbox>
		</object>
		<object>
			<name>baseball diamond</name>
			<pose>Unspecified</pose>
			<truncated>0</truncated>
			<difficult>0</difficult>
			<bndbox>
				<xmin>315</xmin>
				<ymin>178</ymin>
				<xmax>381</xmax>
				<ymax>235</ymax>
			</bndbox>
		</object>
		<object>
			<name>baseball diamond</name>
			<pose>Unspecified</pose>
			<truncated>0</truncated>
			<difficult>0</difficult>
			<bndbox>
				<xmin>323</xmin>
				<ymin>300</ymin>
				<xmax>389</xmax>
				<ymax>357</ymax>
			</bndbox>
		</object>
		<object>
			<name>baseball diamond</name>
			<pose>Unspecified</pose>
			<truncated>0</truncated>
			<difficult>0</difficult>
			<bndbox>
				<xmin>215</xmin>
				<ymin>401</ymin>
				<xmax>285</xmax>
				<ymax>464</ymax>
			</bndbox>
		</object>
		<object>
			<name>baseball diamond</name>
			<pose>Unspecified</pose>
			<truncated>0</truncated>
			<difficult>0</difficult>
			<bndbox>
				<xmin>182</xmin>
				<ymin>472</ymin>
				<xmax>252</xmax>
				<ymax>529</ymax>
			</bndbox>
		</object>
	</annotation>
