<?xml version="1.0" encoding="utf-8"?>
	<annotation>
		<folder>VOC2007</folder>
		<filename>096.jpg</filename>
		<size>
			<width>1068</width>
			<height>697</height>
			<depth>3</depth>
		</size>
		<object>
			<name>baseball diamond</name>
			<pose>Unspecified</pose>
			<truncated>0</truncated>
			<difficult>0</difficult>
			<bndbox>
				<xmin>341</xmin>
				<ymin>285</ymin>
				<xmax>430</xmax>
				<ymax>380</ymax>
			</bndbox>
		</object>
		<object>
			<name>baseball diamond</name>
			<pose>Unspecified</pose>
			<truncated>0</truncated>
			<difficult>0</difficult>
			<bndbox>
				<xmin>535</xmin>
				<ymin>417</ymin>
				<xmax>618</xmax>
				<ymax>503</ymax>
			</bndbox>
		</object>
		<object>
			<name>basketball court</name>
			<pose>Unspecified</pose>
			<truncated>0</truncated>
			<difficult>0</difficult>
			<bndbox>
				<xmin>186</xmin>
				<ymin>254</ymin>
				<xmax>320</xmax>
				<ymax>390</ymax>
			</bndbox>
		</object>
	</annotation>
