<?xml version="1.0" encoding="utf-8"?>
	<annotation>
		<folder>VOC2007</folder>
		<filename>107.jpg</filename>
		<size>
			<width>1053</width>
			<height>696</height>
			<depth>3</depth>
		</size>
		<object>
			<name>baseball diamond</name>
			<pose>Unspecified</pose>
			<truncated>0</truncated>
			<difficult>0</difficult>
			<bndbox>
				<xmin>543</xmin>
				<ymin>148</ymin>
				<xmax>642</xmax>
				<ymax>258</ymax>
			</bndbox>
		</object>
		<object>
			<name>baseball diamond</name>
			<pose>Unspecified</pose>
			<truncated>0</truncated>
			<difficult>0</difficult>
			<bndbox>
				<xmin>488</xmin>
				<ymin>383</ymin>
				<xmax>587</xmax>
				<ymax>493</ymax>
			</bndbox>
		</object>
	</annotation>
