<?xml version="1.0" encoding="utf-8"?>
	<annotation>
		<folder>VOC2007</folder>
		<filename>108.jpg</filename>
		<size>
			<width>1063</width>
			<height>708</height>
			<depth>3</depth>
		</size>
		<object>
			<name>baseball diamond</name>
			<pose>Unspecified</pose>
			<truncated>0</truncated>
			<difficult>0</difficult>
			<bndbox>
				<xmin>161</xmin>
				<ymin>100</ymin>
				<xmax>259</xmax>
				<ymax>197</ymax>
			</bndbox>
		</object>
		<object>
			<name>baseball diamond</name>
			<pose>Unspecified</pose>
			<truncated>0</truncated>
			<difficult>0</difficult>
			<bndbox>
				<xmin>737</xmin>
				<ymin>144</ymin>
				<xmax>830</xmax>
				<ymax>236</ymax>
			</bndbox>
		</object>
		<object>
			<name>baseball diamond</name>
			<pose>Unspecified</pose>
			<truncated>0</truncated>
			<difficult>0</difficult>
			<bndbox>
				<xmin>490</xmin>
				<ymin>273</ymin>
				<xmax>586</xmax>
				<ymax>365</ymax>
			</bndbox>
		</object>
		<object>
			<name>baseball diamond</name>
			<pose>Unspecified</pose>
			<truncated>0</truncated>
			<difficult>0</difficult>
			<bndbox>
				<xmin>299</xmin>
				<ymin>455</ymin>
				<xmax>394</xmax>
				<ymax>548</ymax>
			</bndbox>
		</object>
	</annotation>
