<?xml version="1.0" encoding="utf-8"?>
	<annotation>
		<folder>VOC2007</folder>
		<filename>111.jpg</filename>
		<size>
			<width>1073</width>
			<height>705</height>
			<depth>3</depth>
		</size>
		<object>
			<name>baseball diamond</name>
			<pose>Unspecified</pose>
			<truncated>0</truncated>
			<difficult>0</difficult>
			<bndbox>
				<xmin>143</xmin>
				<ymin>184</ymin>
				<xmax>216</xmax>
				<ymax>264</ymax>
			</bndbox>
		</object>
		<object>
			<name>baseball diamond</name>
			<pose>Unspecified</pose>
			<truncated>0</truncated>
			<difficult>0</difficult>
			<bndbox>
				<xmin>770</xmin>
				<ymin>366</ymin>
				<xmax>886</xmax>
				<ymax>506</ymax>
			</bndbox>
		</object>
	</annotation>
