<?xml version="1.0" encoding="utf-8"?>
	<annotation>
		<folder>VOC2007</folder>
		<filename>113.jpg</filename>
		<size>
			<width>930</width>
			<height>561</height>
			<depth>3</depth>
		</size>
		<object>
			<name>baseball diamond</name>
			<pose>Unspecified</pose>
			<truncated>0</truncated>
			<difficult>0</difficult>
			<bndbox>
				<xmin>224</xmin>
				<ymin>45</ymin>
				<xmax>331</xmax>
				<ymax>105</ymax>
			</bndbox>
		</object>
		<object>
			<name>baseball diamond</name>
			<pose>Unspecified</pose>
			<truncated>0</truncated>
			<difficult>0</difficult>
			<bndbox>
				<xmin>226</xmin>
				<ymin>217</ymin>
				<xmax>312</xmax>
				<ymax>275</ymax>
			</bndbox>
		</object>
		<object>
			<name>baseball diamond</name>
			<pose>Unspecified</pose>
			<truncated>0</truncated>
			<difficult>0</difficult>
			<bndbox>
				<xmin>182</xmin>
				<ymin>396</ymin>
				<xmax>265</xmax>
				<ymax>460</ymax>
			</bndbox>
		</object>
		<object>
			<name>baseball diamond</name>
			<pose>Unspecified</pose>
			<truncated>0</truncated>
			<difficult>0</difficult>
			<bndbox>
				<xmin>393</xmin>
				<ymin>296</ymin>
				<xmax>466</xmax>
				<ymax>353</ymax>
			</bndbox>
		</object>
	</annotation>
