<?xml version="1.0" encoding="utf-8"?>
	<annotation>
		<folder>VOC2007</folder>
		<filename>116.jpg</filename>
		<size>
			<width>1071</width>
			<height>701</height>
			<depth>3</depth>
		</size>
		<object>
			<name>baseball diamond</name>
			<pose>Unspecified</pose>
			<truncated>0</truncated>
			<difficult>0</difficult>
			<bndbox>
				<xmin>509</xmin>
				<ymin>173</ymin>
				<xmax>606</xmax>
				<ymax>273</ymax>
			</bndbox>
		</object>
		<object>
			<name>baseball diamond</name>
			<pose>Unspecified</pose>
			<truncated>0</truncated>
			<difficult>0</difficult>
			<bndbox>
				<xmin>670</xmin>
				<ymin>266</ymin>
				<xmax>757</xmax>
				<ymax>359</ymax>
			</bndbox>
		</object>
	</annotation>
