<?xml version="1.0" encoding="utf-8"?>
	<annotation>
		<folder>VOC2007</folder>
		<filename>117.jpg</filename>
		<size>
			<width>982</width>
			<height>606</height>
			<depth>3</depth>
		</size>
		<object>
			<name>baseball diamond</name>
			<pose>Unspecified</pose>
			<truncated>0</truncated>
			<difficult>0</difficult>
			<bndbox>
				<xmin>313</xmin>
				<ymin>165</ymin>
				<xmax>417</xmax>
				<ymax>235</ymax>
			</bndbox>
		</object>
		<object>
			<name>baseball diamond</name>
			<pose>Unspecified</pose>
			<truncated>0</truncated>
			<difficult>0</difficult>
			<bndbox>
				<xmin>465</xmin>
				<ymin>179</ymin>
				<xmax>532</xmax>
				<ymax>229</ymax>
			</bndbox>
		</object>
		<object>
			<name>baseball diamond</name>
			<pose>Unspecified</pose>
			<truncated>0</truncated>
			<difficult>0</difficult>
			<bndbox>
				<xmin>467</xmin>
				<ymin>278</ymin>
				<xmax>534</xmax>
				<ymax>331</ymax>
			</bndbox>
		</object>
		<object>
			<name>baseball diamond</name>
			<pose>Unspecified</pose>
			<truncated>0</truncated>
			<difficult>0</difficult>
			<bndbox>
				<xmin>355</xmin>
				<ymin>288</ymin>
				<xmax>412</xmax>
				<ymax>330</ymax>
			</bndbox>
		</object>
	</annotation>
