<?xml version="1.0" encoding="utf-8"?>
	<annotation>
		<folder>VOC2007</folder>
		<filename>129.jpg</filename>
		<size>
			<width>1061</width>
			<height>705</height>
			<depth>3</depth>
		</size>
		<object>
			<name>baseball diamond</name>
			<pose>Unspecified</pose>
			<truncated>0</truncated>
			<difficult>0</difficult>
			<bndbox>
				<xmin>577</xmin>
				<ymin>121</ymin>
				<xmax>660</xmax>
				<ymax>204</ymax>
			</bndbox>
		</object>
		<object>
			<name>baseball diamond</name>
			<pose>Unspecified</pose>
			<truncated>0</truncated>
			<difficult>0</difficult>
			<bndbox>
				<xmin>782</xmin>
				<ymin>169</ymin>
				<xmax>874</xmax>
				<ymax>270</ymax>
			</bndbox>
		</object>
	</annotation>
