<?xml version="1.0" encoding="utf-8"?>
	<annotation>
		<folder>VOC2007</folder>
		<filename>138.jpg</filename>
		<size>
			<width>933</width>
			<height>569</height>
			<depth>3</depth>
		</size>
		<object>
			<name>basketball court</name>
			<pose>Unspecified</pose>
			<truncated>0</truncated>
			<difficult>0</difficult>
			<bndbox>
				<xmin>219</xmin>
				<ymin>190</ymin>
				<xmax>418</xmax>
				<ymax>388</ymax>
			</bndbox>
		</object>
		<object>
			<name>basketball court</name>
			<pose>Unspecified</pose>
			<truncated>0</truncated>
			<difficult>0</difficult>
			<bndbox>
				<xmin>329</xmin>
				<ymin>227</ymin>
				<xmax>536</xmax>
				<ymax>439</ymax>
			</bndbox>
		</object>
	</annotation>
