<?xml version="1.0" encoding="utf-8"?>
	<annotation>
		<folder>VOC2007</folder>
		<filename>147.jpg</filename>
		<size>
			<width>1012</width>
			<height>573</height>
			<depth>3</depth>
		</size>
		<object>
			<name>basketball court</name>
			<pose>Unspecified</pose>
			<truncated>0</truncated>
			<difficult>0</difficult>
			<bndbox>
				<xmin>107</xmin>
				<ymin>307</ymin>
				<xmax>261</xmax>
				<ymax>378</ymax>
			</bndbox>
		</object>
		<object>
			<name>basketball court</name>
			<pose>Unspecified</pose>
			<truncated>0</truncated>
			<difficult>0</difficult>
			<bndbox>
				<xmin>101</xmin>
				<ymin>384</ymin>
				<xmax>250</xmax>
				<ymax>459</ymax>
			</bndbox>
		</object>
		<object>
			<name>tennis court</name>
			<pose>Unspecified</pose>
			<truncated>0</truncated>
			<difficult>0</difficult>
			<bndbox>
				<xmin>505</xmin>
				<ymin>167</ymin>
				<xmax>590</xmax>
				<ymax>267</ymax>
			</bndbox>
		</object>
		<object>
			<name>tennis court</name>
			<pose>Unspecified</pose>
			<truncated>0</truncated>
			<difficult>0</difficult>
			<bndbox>
				<xmin>571</xmin>
				<ymin>151</ymin>
				<xmax>653</xmax>
				<ymax>249</ymax>
			</bndbox>
		</object>
		<object>
			<name>tennis court</name>
			<pose>Unspecified</pose>
			<truncated>0</truncated>
			<difficult>0</difficult>
			<bndbox>
				<xmin>632</xmin>
				<ymin>134</ymin>
				<xmax>720</xmax>
				<ymax>232</ymax>
			</bndbox>
		</object>
		<object>
			<name>tennis court</name>
			<pose>Unspecified</pose>
			<truncated>0</truncated>
			<difficult>0</difficult>
			<bndbox>
				<xmin>692</xmin>
				<ymin>124</ymin>
				<xmax>778</xmax>
				<ymax>215</ymax>
			</bndbox>
		</object>
		<object>
			<name>tennis court</name>
			<pose>Unspecified</pose>
			<truncated>0</truncated>
			<difficult>0</difficult>
			<bndbox>
				<xmin>753</xmin>
				<ymin>107</ymin>
				<xmax>840</xmax>
				<ymax>196</ymax>
			</bndbox>
		</object>
		<object>
			<name>tennis court</name>
			<pose>Unspecified</pose>
			<truncated>0</truncated>
			<difficult>0</difficult>
			<bndbox>
				<xmin>810</xmin>
				<ymin>95</ymin>
				<xmax>904</xmax>
				<ymax>184</ymax>
			</bndbox>
		</object>
	</annotation>
