<?xml version="1.0" encoding="utf-8"?>
	<annotation>
		<folder>VOC2007</folder>
		<filename>148.jpg</filename>
		<size>
			<width>981</width>
			<height>613</height>
			<depth>3</depth>
		</size>
		<object>
			<name>basketball court</name>
			<pose>Unspecified</pose>
			<truncated>0</truncated>
			<difficult>0</difficult>
			<bndbox>
				<xmin>419</xmin>
				<ymin>319</ymin>
				<xmax>528</xmax>
				<ymax>446</ymax>
			</bndbox>
		</object>
		<object>
			<name>tennis court</name>
			<pose>Unspecified</pose>
			<truncated>0</truncated>
			<difficult>0</difficult>
			<bndbox>
				<xmin>199</xmin>
				<ymin>348</ymin>
				<xmax>275</xmax>
				<ymax>467</ymax>
			</bndbox>
		</object>
		<object>
			<name>tennis court</name>
			<pose>Unspecified</pose>
			<truncated>0</truncated>
			<difficult>0</difficult>
			<bndbox>
				<xmin>287</xmin>
				<ymin>349</ymin>
				<xmax>362</xmax>
				<ymax>470</ymax>
			</bndbox>
		</object>
	</annotation>
