<?xml version="1.0" encoding="utf-8"?>
	<annotation>
		<folder>VOC2007</folder>
		<filename>149.jpg</filename>
		<size>
			<width>835</width>
			<height>549</height>
			<depth>3</depth>
		</size>
		<object>
			<name>basketball court</name>
			<pose>Unspecified</pose>
			<truncated>0</truncated>
			<difficult>0</difficult>
			<bndbox>
				<xmin>177</xmin>
				<ymin>110</ymin>
				<xmax>267</xmax>
				<ymax>214</ymax>
			</bndbox>
		</object>
		<object>
			<name>tennis court</name>
			<pose>Unspecified</pose>
			<truncated>0</truncated>
			<difficult>0</difficult>
			<bndbox>
				<xmin>538</xmin>
				<ymin>316</ymin>
				<xmax>621</xmax>
				<ymax>439</ymax>
			</bndbox>
		</object>
		<object>
			<name>tennis court</name>
			<pose>Unspecified</pose>
			<truncated>0</truncated>
			<difficult>0</difficult>
			<bndbox>
				<xmin>619</xmin>
				<ymin>317</ymin>
				<xmax>707</xmax>
				<ymax>438</ymax>
			</bndbox>
		</object>
	</annotation>
