<?xml version="1.0" encoding="utf-8"?>
	<annotation>
		<folder>VOC2007</folder>
		<filename>151.jpg</filename>
		<size>
			<width>945</width>
			<height>528</height>
			<depth>3</depth>
		</size>
		<object>
			<name>basketball court</name>
			<pose>Unspecified</pose>
			<truncated>0</truncated>
			<difficult>0</difficult>
			<bndbox>
				<xmin>162</xmin>
				<ymin>222</ymin>
				<xmax>281</xmax>
				<ymax>319</ymax>
			</bndbox>
		</object>
		<object>
			<name>basketball court</name>
			<pose>Unspecified</pose>
			<truncated>0</truncated>
			<difficult>0</difficult>
			<bndbox>
				<xmin>206</xmin>
				<ymin>257</ymin>
				<xmax>322</xmax>
				<ymax>354</ymax>
			</bndbox>
		</object>
	</annotation>
