<?xml version="1.0" encoding="utf-8"?>
	<annotation>
		<folder>VOC2007</folder>
		<filename>156.jpg</filename>
		<size>
			<width>663</width>
			<height>454</height>
			<depth>3</depth>
		</size>
		<object>
			<name>basketball court</name>
			<pose>Unspecified</pose>
			<truncated>0</truncated>
			<difficult>0</difficult>
			<bndbox>
				<xmin>271</xmin>
				<ymin>125</ymin>
				<xmax>376</xmax>
				<ymax>182</ymax>
			</bndbox>
		</object>
		<object>
			<name>basketball court</name>
			<pose>Unspecified</pose>
			<truncated>0</truncated>
			<difficult>0</difficult>
			<bndbox>
				<xmin>261</xmin>
				<ymin>187</ymin>
				<xmax>376</xmax>
				<ymax>245</ymax>
			</bndbox>
		</object>
		<object>
			<name>tennis court</name>
			<pose>Unspecified</pose>
			<truncated>0</truncated>
			<difficult>0</difficult>
			<bndbox>
				<xmin>249</xmin>
				<ymin>280</ymin>
				<xmax>308</xmax>
				<ymax>381</ymax>
			</bndbox>
		</object>
		<object>
			<name>tennis court</name>
			<pose>Unspecified</pose>
			<truncated>0</truncated>
			<difficult>0</difficult>
			<bndbox>
				<xmin>313</xmin>
				<ymin>278</ymin>
				<xmax>369</xmax>
				<ymax>380</ymax>
			</bndbox>
		</object>
	</annotation>
