<?xml version="1.0" encoding="utf-8"?>
	<annotation>
		<folder>VOC2007</folder>
		<filename>158.jpg</filename>
		<size>
			<width>983</width>
			<height>561</height>
			<depth>3</depth>
		</size>
		<object>
			<name>basketball court</name>
			<pose>Unspecified</pose>
			<truncated>0</truncated>
			<difficult>0</difficult>
			<bndbox>
				<xmin>79</xmin>
				<ymin>345</ymin>
				<xmax>160</xmax>
				<ymax>445</ymax>
			</bndbox>
		</object>
		<object>
			<name>basketball court</name>
			<pose>Unspecified</pose>
			<truncated>0</truncated>
			<difficult>0</difficult>
			<bndbox>
				<xmin>129</xmin>
				<ymin>306</ymin>
				<xmax>223</xmax>
				<ymax>409</ymax>
			</bndbox>
		</object>
		<object>
			<name>basketball court</name>
			<pose>Unspecified</pose>
			<truncated>0</truncated>
			<difficult>0</difficult>
			<bndbox>
				<xmin>187</xmin>
				<ymin>275</ymin>
				<xmax>285</xmax>
				<ymax>372</ymax>
			</bndbox>
		</object>
	</annotation>
