<?xml version="1.0" encoding="utf-8"?>
	<annotation>
		<folder>VOC2007</folder>
		<filename>159.jpg</filename>
		<size>
			<width>828</width>
			<height>431</height>
			<depth>3</depth>
		</size>
		<object>
			<name>basketball court</name>
			<pose>Unspecified</pose>
			<truncated>0</truncated>
			<difficult>0</difficult>
			<bndbox>
				<xmin>554</xmin>
				<ymin>355</ymin>
				<xmax>651</xmax>
				<ymax>415</ymax>
			</bndbox>
		</object>
		<object>
			<name>basketball court</name>
			<pose>Unspecified</pose>
			<truncated>0</truncated>
			<difficult>0</difficult>
			<bndbox>
				<xmin>688</xmin>
				<ymin>309</ymin>
				<xmax>786</xmax>
				<ymax>371</ymax>
			</bndbox>
		</object>
	</annotation>
