<?xml version="1.0" encoding="utf-8"?>
	<annotation>
		<folder>VOC2007</folder>
		<filename>165.jpg</filename>
		<size>
			<width>1038</width>
			<height>588</height>
			<depth>3</depth>
		</size>
		<object>
			<name>bridge</name>
			<pose>Unspecified</pose>
			<truncated>0</truncated>
			<difficult>0</difficult>
			<bndbox>
				<xmin>114</xmin>
				<ymin>248</ymin>
				<xmax>271</xmax>
				<ymax>436</ymax>
			</bndbox>
		</object>
		<object>
			<name>bridge</name>
			<pose>Unspecified</pose>
			<truncated>0</truncated>
			<difficult>0</difficult>
			<bndbox>
				<xmin>423</xmin>
				<ymin>166</ymin>
				<xmax>578</xmax>
				<ymax>387</ymax>
			</bndbox>
		</object>
		<object>
			<name>bridge</name>
			<pose>Unspecified</pose>
			<truncated>0</truncated>
			<difficult>0</difficult>
			<bndbox>
				<xmin>859</xmin>
				<ymin>74</ymin>
				<xmax>990</xmax>
				<ymax>222</ymax>
			</bndbox>
		</object>
	</annotation>
