<?xml version="1.0" encoding="utf-8"?>
	<annotation>
		<folder>VOC2007</folder>
		<filename>180.jpg</filename>
		<size>
			<width>844</width>
			<height>550</height>
			<depth>3</depth>
		</size>
		<object>
			<name>bridge</name>
			<pose>Unspecified</pose>
			<truncated>0</truncated>
			<difficult>0</difficult>
			<bndbox>
				<xmin>199</xmin>
				<ymin>201</ymin>
				<xmax>310</xmax>
				<ymax>382</ymax>
			</bndbox>
		</object>
		<object>
			<name>bridge</name>
			<pose>Unspecified</pose>
			<truncated>0</truncated>
			<difficult>0</difficult>
			<bndbox>
				<xmin>324</xmin>
				<ymin>166</ymin>
				<xmax>510</xmax>
				<ymax>410</ymax>
			</bndbox>
		</object>
	</annotation>
