<?xml version="1.0" encoding="utf-8"?>
	<annotation>
		<folder>VOC2007</folder>
		<filename>191.jpg</filename>
		<size>
			<width>826</width>
			<height>602</height>
			<depth>3</depth>
		</size>
		<object>
			<name>bridge</name>
			<pose>Unspecified</pose>
			<truncated>0</truncated>
			<difficult>0</difficult>
			<bndbox>
				<xmin>208</xmin>
				<ymin>91</ymin>
				<xmax>348</xmax>
				<ymax>266</ymax>
			</bndbox>
		</object>
		<object>
			<name>bridge</name>
			<pose>Unspecified</pose>
			<truncated>0</truncated>
			<difficult>0</difficult>
			<bndbox>
				<xmin>597</xmin>
				<ymin>276</ymin>
				<xmax>701</xmax>
				<ymax>432</ymax>
			</bndbox>
		</object>
	</annotation>
