<?xml version="1.0" encoding="utf-8"?>
	<annotation>
		<folder>VOC2007</folder>
		<filename>195.jpg</filename>
		<size>
			<width>945</width>
			<height>600</height>
			<depth>3</depth>
		</size>
		<object>
			<name>bridge</name>
			<pose>Unspecified</pose>
			<truncated>0</truncated>
			<difficult>0</difficult>
			<bndbox>
				<xmin>175</xmin>
				<ymin>85</ymin>
				<xmax>368</xmax>
				<ymax>145</ymax>
			</bndbox>
		</object>
		<object>
			<name>bridge</name>
			<pose>Unspecified</pose>
			<truncated>0</truncated>
			<difficult>0</difficult>
			<bndbox>
				<xmin>528</xmin>
				<ymin>356</ymin>
				<xmax>671</xmax>
				<ymax>450</ymax>
			</bndbox>
		</object>
	</annotation>
