<?xml version="1.0" encoding="utf-8"?>
	<annotation>
		<folder>VOC2007</folder>
		<filename>196.jpg</filename>
		<size>
			<width>792</width>
			<height>563</height>
			<depth>3</depth>
		</size>
		<object>
			<name>bridge</name>
			<pose>Unspecified</pose>
			<truncated>0</truncated>
			<difficult>0</difficult>
			<bndbox>
				<xmin>5</xmin>
				<ymin>227</ymin>
				<xmax>148</xmax>
				<ymax>385</ymax>
			</bndbox>
		</object>
		<object>
			<name>bridge</name>
			<pose>Unspecified</pose>
			<truncated>0</truncated>
			<difficult>0</difficult>
			<bndbox>
				<xmin>131</xmin>
				<ymin>181</ymin>
				<xmax>270</xmax>
				<ymax>254</ymax>
			</bndbox>
		</object>
		<object>
			<name>bridge</name>
			<pose>Unspecified</pose>
			<truncated>0</truncated>
			<difficult>0</difficult>
			<bndbox>
				<xmin>183</xmin>
				<ymin>92</ymin>
				<xmax>277</xmax>
				<ymax>204</ymax>
			</bndbox>
		</object>
	</annotation>
