<?xml version="1.0" encoding="utf-8"?>
	<annotation>
		<folder>VOC2007</folder>
		<filename>208.jpg</filename>
		<size>
			<width>954</width>
			<height>542</height>
			<depth>3</depth>
		</size>
		<object>
			<name>ground track field</name>
			<pose>Unspecified</pose>
			<truncated>0</truncated>
			<difficult>0</difficult>
			<bndbox>
				<xmin>293</xmin>
				<ymin>69</ymin>
				<xmax>665</xmax>
				<ymax>194</ymax>
			</bndbox>
		</object>
		<object>
			<name>tennis court</name>
			<pose>Unspecified</pose>
			<truncated>0</truncated>
			<difficult>0</difficult>
			<bndbox>
				<xmin>427</xmin>
				<ymin>330</ymin>
				<xmax>494</xmax>
				<ymax>381</ymax>
			</bndbox>
		</object>
	</annotation>
