<?xml version="1.0" encoding="utf-8"?>
	<annotation>
		<folder>VOC2007</folder>
		<filename>226.jpg</filename>
		<size>
			<width>1049</width>
			<height>607</height>
			<depth>3</depth>
		</size>
		<object>
			<name>ground track field</name>
			<pose>Unspecified</pose>
			<truncated>0</truncated>
			<difficult>0</difficult>
			<bndbox>
				<xmin>283</xmin>
				<ymin>207</ymin>
				<xmax>504</xmax>
				<ymax>488</ymax>
			</bndbox>
		</object>
		<object>
			<name>tennis court</name>
			<pose>Unspecified</pose>
			<truncated>0</truncated>
			<difficult>0</difficult>
			<bndbox>
				<xmin>372</xmin>
				<ymin>488</ymin>
				<xmax>418</xmax>
				<ymax>543</ymax>
			</bndbox>
		</object>
		<object>
			<name>tennis court</name>
			<pose>Unspecified</pose>
			<truncated>0</truncated>
			<difficult>0</difficult>
			<bndbox>
				<xmin>409</xmin>
				<ymin>506</ymin>
				<xmax>447</xmax>
				<ymax>551</ymax>
			</bndbox>
		</object>
		<object>
			<name>tennis court</name>
			<pose>Unspecified</pose>
			<truncated>0</truncated>
			<difficult>0</difficult>
			<bndbox>
				<xmin>432</xmin>
				<ymin>441</ymin>
				<xmax>469</xmax>
				<ymax>487</ymax>
			</bndbox>
		</object>
		<object>
			<name>tennis court</name>
			<pose>Unspecified</pose>
			<truncated>0</truncated>
			<difficult>0</difficult>
			<bndbox>
				<xmin>460</xmin>
				<ymin>451</ymin>
				<xmax>499</xmax>
				<ymax>496</ymax>
			</bndbox>
		</object>
		<object>
			<name>baseball diamond</name>
			<pose>Unspecified</pose>
			<truncated>0</truncated>
			<difficult>0</difficult>
			<bndbox>
				<xmin>537</xmin>
				<ymin>163</ymin>
				<xmax>619</xmax>
				<ymax>229</ymax>
			</bndbox>
		</object>
		<object>
			<name>baseball diamond</name>
			<pose>Unspecified</pose>
			<truncated>0</truncated>
			<difficult>0</difficult>
			<bndbox>
				<xmin>504</xmin>
				<ymin>270</ymin>
				<xmax>581</xmax>
				<ymax>325</ymax>
			</bndbox>
		</object>
	</annotation>
