<?xml version="1.0" encoding="utf-8"?>
	<annotation>
		<folder>VOC2007</folder>
		<filename>245.jpg</filename>
		<size>
			<width>1087</width>
			<height>607</height>
			<depth>3</depth>
		</size>
		<object>
			<name>ground track field</name>
			<pose>Unspecified</pose>
			<truncated>0</truncated>
			<difficult>0</difficult>
			<bndbox>
				<xmin>320</xmin>
				<ymin>205</ymin>
				<xmax>585</xmax>
				<ymax>545</ymax>
			</bndbox>
		</object>
		<object>
			<name>tennis court</name>
			<pose>Unspecified</pose>
			<truncated>0</truncated>
			<difficult>0</difficult>
			<bndbox>
				<xmin>280</xmin>
				<ymin>430</ymin>
				<xmax>335</xmax>
				<ymax>509</ymax>
			</bndbox>
		</object>
		<object>
			<name>tennis court</name>
			<pose>Unspecified</pose>
			<truncated>0</truncated>
			<difficult>0</difficult>
			<bndbox>
				<xmin>307</xmin>
				<ymin>480</ymin>
				<xmax>367</xmax>
				<ymax>552</ymax>
			</bndbox>
		</object>
		<object>
			<name>tennis court</name>
			<pose>Unspecified</pose>
			<truncated>0</truncated>
			<difficult>0</difficult>
			<bndbox>
				<xmin>341</xmin>
				<ymin>519</ymin>
				<xmax>392</xmax>
				<ymax>599</ymax>
			</bndbox>
		</object>
		<object>
			<name>baseball diamond</name>
			<pose>Unspecified</pose>
			<truncated>0</truncated>
			<difficult>0</difficult>
			<bndbox>
				<xmin>202</xmin>
				<ymin>44</ymin>
				<xmax>271</xmax>
				<ymax>93</ymax>
			</bndbox>
		</object>
		<object>
			<name>baseball diamond</name>
			<pose>Unspecified</pose>
			<truncated>0</truncated>
			<difficult>0</difficult>
			<bndbox>
				<xmin>304</xmin>
				<ymin>113</ymin>
				<xmax>378</xmax>
				<ymax>165</ymax>
			</bndbox>
		</object>
	</annotation>
