<?xml version="1.0" encoding="utf-8"?>
	<annotation>
		<folder>VOC2007</folder>
		<filename>254.jpg</filename>
		<size>
			<width>840</width>
			<height>503</height>
			<depth>3</depth>
		</size>
		<object>
			<name>ground track field</name>
			<pose>Unspecified</pose>
			<truncated>0</truncated>
			<difficult>0</difficult>
			<bndbox>
				<xmin>417</xmin>
				<ymin>111</ymin>
				<xmax>578</xmax>
				<ymax>367</ymax>
			</bndbox>
		</object>
		<object>
			<name>baseball diamond</name>
			<pose>Unspecified</pose>
			<truncated>0</truncated>
			<difficult>0</difficult>
			<bndbox>
				<xmin>383</xmin>
				<ymin>54</ymin>
				<xmax>460</xmax>
				<ymax>118</ymax>
			</bndbox>
		</object>
		<object>
			<name>baseball diamond</name>
			<pose>Unspecified</pose>
			<truncated>0</truncated>
			<difficult>0</difficult>
			<bndbox>
				<xmin>566</xmin>
				<ymin>349</ymin>
				<xmax>649</xmax>
				<ymax>426</ymax>
			</bndbox>
		</object>
		<object>
			<name>baseball diamond</name>
			<pose>Unspecified</pose>
			<truncated>0</truncated>
			<difficult>0</difficult>
			<bndbox>
				<xmin>595</xmin>
				<ymin>165</ymin>
				<xmax>651</xmax>
				<ymax>213</ymax>
			</bndbox>
		</object>
		<object>
			<name>baseball diamond</name>
			<pose>Unspecified</pose>
			<truncated>0</truncated>
			<difficult>0</difficult>
			<bndbox>
				<xmin>113</xmin>
				<ymin>134</ymin>
				<xmax>171</xmax>
				<ymax>180</ymax>
			</bndbox>
		</object>
		<object>
			<name>baseball diamond</name>
			<pose>Unspecified</pose>
			<truncated>0</truncated>
			<difficult>0</difficult>
			<bndbox>
				<xmin>194</xmin>
				<ymin>37</ymin>
				<xmax>250</xmax>
				<ymax>81</ymax>
			</bndbox>
		</object>
	</annotation>
