<?xml version="1.0" encoding="utf-8"?>
	<annotation>
		<folder>VOC2007</folder>
		<filename>259.jpg</filename>
		<size>
			<width>694</width>
			<height>502</height>
			<depth>3</depth>
		</size>
		<object>
			<name>ground track field</name>
			<pose>Unspecified</pose>
			<truncated>0</truncated>
			<difficult>0</difficult>
			<bndbox>
				<xmin>45</xmin>
				<ymin>165</ymin>
				<xmax>324</xmax>
				<ymax>453</ymax>
			</bndbox>
		</object>
		<object>
			<name>baseball diamond</name>
			<pose>Unspecified</pose>
			<truncated>0</truncated>
			<difficult>0</difficult>
			<bndbox>
				<xmin>213</xmin>
				<ymin>79</ymin>
				<xmax>300</xmax>
				<ymax>137</ymax>
			</bndbox>
		</object>
	</annotation>
