<?xml version="1.0" encoding="utf-8"?>
	<annotation>
		<folder>VOC2007</folder>
		<filename>263.jpg</filename>
		<size>
			<width>835</width>
			<height>531</height>
			<depth>3</depth>
		</size>
		<object>
			<name>ground track field</name>
			<pose>Unspecified</pose>
			<truncated>0</truncated>
			<difficult>0</difficult>
			<bndbox>
				<xmin>395</xmin>
				<ymin>77</ymin>
				<xmax>537</xmax>
				<ymax>341</ymax>
			</bndbox>
		</object>
		<object>
			<name>baseball diamond</name>
			<pose>Unspecified</pose>
			<truncated>0</truncated>
			<difficult>0</difficult>
			<bndbox>
				<xmin>363</xmin>
				<ymin>363</ymin>
				<xmax>431</xmax>
				<ymax>425</ymax>
			</bndbox>
		</object>
	</annotation>
