<?xml version="1.0" encoding="utf-8"?>
	<annotation>
		<folder>VOC2007</folder>
		<filename>264.jpg</filename>
		<size>
			<width>997</width>
			<height>589</height>
			<depth>3</depth>
		</size>
		<object>
			<name>ground track field</name>
			<pose>Unspecified</pose>
			<truncated>0</truncated>
			<difficult>0</difficult>
			<bndbox>
				<xmin>417</xmin>
				<ymin>36</ymin>
				<xmax>665</xmax>
				<ymax>385</ymax>
			</bndbox>
		</object>
		<object>
			<name>tennis court</name>
			<pose>Unspecified</pose>
			<truncated>0</truncated>
			<difficult>0</difficult>
			<bndbox>
				<xmin>400</xmin>
				<ymin>412</ymin>
				<xmax>441</xmax>
				<ymax>483</ymax>
			</bndbox>
		</object>
		<object>
			<name>tennis court</name>
			<pose>Unspecified</pose>
			<truncated>0</truncated>
			<difficult>0</difficult>
			<bndbox>
				<xmin>443</xmin>
				<ymin>412</ymin>
				<xmax>482</xmax>
				<ymax>483</ymax>
			</bndbox>
		</object>
		<object>
			<name>tennis court</name>
			<pose>Unspecified</pose>
			<truncated>0</truncated>
			<difficult>0</difficult>
			<bndbox>
				<xmin>482</xmin>
				<ymin>410</ymin>
				<xmax>523</xmax>
				<ymax>482</ymax>
			</bndbox>
		</object>
		<object>
			<name>tennis court</name>
			<pose>Unspecified</pose>
			<truncated>0</truncated>
			<difficult>0</difficult>
			<bndbox>
				<xmin>521</xmin>
				<ymin>407</ymin>
				<xmax>562</xmax>
				<ymax>481</ymax>
			</bndbox>
		</object>
		<object>
			<name>tennis court</name>
			<pose>Unspecified</pose>
			<truncated>0</truncated>
			<difficult>0</difficult>
			<bndbox>
				<xmin>560</xmin>
				<ymin>409</ymin>
				<xmax>602</xmax>
				<ymax>479</ymax>
			</bndbox>
		</object>
		<object>
			<name>tennis court</name>
			<pose>Unspecified</pose>
			<truncated>0</truncated>
			<difficult>0</difficult>
			<bndbox>
				<xmin>603</xmin>
				<ymin>409</ymin>
				<xmax>642</xmax>
				<ymax>480</ymax>
			</bndbox>
		</object>
		<object>
			<name>tennis court</name>
			<pose>Unspecified</pose>
			<truncated>0</truncated>
			<difficult>0</difficult>
			<bndbox>
				<xmin>640</xmin>
				<ymin>408</ymin>
				<xmax>686</xmax>
				<ymax>478</ymax>
			</bndbox>
		</object>
	</annotation>
