<?xml version="1.0" encoding="utf-8"?>
	<annotation>
		<folder>VOC2007</folder>
		<filename>266.jpg</filename>
		<size>
			<width>1003</width>
			<height>585</height>
			<depth>3</depth>
		</size>
		<object>
			<name>harbor</name>
			<pose>Unspecified</pose>
			<truncated>0</truncated>
			<difficult>0</difficult>
			<bndbox>
				<xmin>301</xmin>
				<ymin>128</ymin>
				<xmax>424</xmax>
				<ymax>244</ymax>
			</bndbox>
		</object>
		<object>
			<name>harbor</name>
			<pose>Unspecified</pose>
			<truncated>0</truncated>
			<difficult>0</difficult>
			<bndbox>
				<xmin>451</xmin>
				<ymin>145</ymin>
				<xmax>616</xmax>
				<ymax>242</ymax>
			</bndbox>
		</object>
		<object>
			<name>harbor</name>
			<pose>Unspecified</pose>
			<truncated>0</truncated>
			<difficult>0</difficult>
			<bndbox>
				<xmin>416</xmin>
				<ymin>223</ymin>
				<xmax>561</xmax>
				<ymax>309</ymax>
			</bndbox>
		</object>
		<object>
			<name>harbor</name>
			<pose>Unspecified</pose>
			<truncated>0</truncated>
			<difficult>0</difficult>
			<bndbox>
				<xmin>394</xmin>
				<ymin>299</ymin>
				<xmax>529</xmax>
				<ymax>382</ymax>
			</bndbox>
		</object>
		<object>
			<name>harbor</name>
			<pose>Unspecified</pose>
			<truncated>0</truncated>
			<difficult>0</difficult>
			<bndbox>
				<xmin>647</xmin>
				<ymin>236</ymin>
				<xmax>828</xmax>
				<ymax>343</ymax>
			</bndbox>
		</object>
		<object>
			<name>harbor</name>
			<pose>Unspecified</pose>
			<truncated>0</truncated>
			<difficult>0</difficult>
			<bndbox>
				<xmin>593</xmin>
				<ymin>303</ymin>
				<xmax>778</xmax>
				<ymax>411</ymax>
			</bndbox>
		</object>
	</annotation>
