<?xml version="1.0" encoding="utf-8"?>
	<annotation>
		<folder>VOC2007</folder>
		<filename>267.jpg</filename>
		<size>
			<width>1102</width>
			<height>583</height>
			<depth>3</depth>
		</size>
		<object>
			<name>harbor</name>
			<pose>Unspecified</pose>
			<truncated>0</truncated>
			<difficult>0</difficult>
			<bndbox>
				<xmin>335</xmin>
				<ymin>31</ymin>
				<xmax>438</xmax>
				<ymax>75</ymax>
			</bndbox>
		</object>
		<object>
			<name>harbor</name>
			<pose>Unspecified</pose>
			<truncated>0</truncated>
			<difficult>0</difficult>
			<bndbox>
				<xmin>438</xmin>
				<ymin>37</ymin>
				<xmax>567</xmax>
				<ymax>79</ymax>
			</bndbox>
		</object>
		<object>
			<name>harbor</name>
			<pose>Unspecified</pose>
			<truncated>0</truncated>
			<difficult>0</difficult>
			<bndbox>
				<xmin>319</xmin>
				<ymin>94</ymin>
				<xmax>442</xmax>
				<ymax>138</ymax>
			</bndbox>
		</object>
		<object>
			<name>harbor</name>
			<pose>Unspecified</pose>
			<truncated>0</truncated>
			<difficult>0</difficult>
			<bndbox>
				<xmin>438</xmin>
				<ymin>75</ymin>
				<xmax>595</xmax>
				<ymax>128</ymax>
			</bndbox>
		</object>
		<object>
			<name>harbor</name>
			<pose>Unspecified</pose>
			<truncated>0</truncated>
			<difficult>0</difficult>
			<bndbox>
				<xmin>306</xmin>
				<ymin>169</ymin>
				<xmax>437</xmax>
				<ymax>212</ymax>
			</bndbox>
		</object>
		<object>
			<name>harbor</name>
			<pose>Unspecified</pose>
			<truncated>0</truncated>
			<difficult>0</difficult>
			<bndbox>
				<xmin>450</xmin>
				<ymin>154</ymin>
				<xmax>644</xmax>
				<ymax>199</ymax>
			</bndbox>
		</object>
		<object>
			<name>harbor</name>
			<pose>Unspecified</pose>
			<truncated>0</truncated>
			<difficult>0</difficult>
			<bndbox>
				<xmin>307</xmin>
				<ymin>238</ymin>
				<xmax>462</xmax>
				<ymax>280</ymax>
			</bndbox>
		</object>
		<object>
			<name>harbor</name>
			<pose>Unspecified</pose>
			<truncated>0</truncated>
			<difficult>0</difficult>
			<bndbox>
				<xmin>510</xmin>
				<ymin>232</ymin>
				<xmax>634</xmax>
				<ymax>281</ymax>
			</bndbox>
		</object>
		<object>
			<name>harbor</name>
			<pose>Unspecified</pose>
			<truncated>0</truncated>
			<difficult>0</difficult>
			<bndbox>
				<xmin>333</xmin>
				<ymin>317</ymin>
				<xmax>555</xmax>
				<ymax>347</ymax>
			</bndbox>
		</object>
		<object>
			<name>harbor</name>
			<pose>Unspecified</pose>
			<truncated>0</truncated>
			<difficult>0</difficult>
			<bndbox>
				<xmin>415</xmin>
				<ymin>372</ymin>
				<xmax>565</xmax>
				<ymax>408</ymax>
			</bndbox>
		</object>
		<object>
			<name>harbor</name>
			<pose>Unspecified</pose>
			<truncated>0</truncated>
			<difficult>0</difficult>
			<bndbox>
				<xmin>661</xmin>
				<ymin>233</ymin>
				<xmax>730</xmax>
				<ymax>303</ymax>
			</bndbox>
		</object>
		<object>
			<name>harbor</name>
			<pose>Unspecified</pose>
			<truncated>0</truncated>
			<difficult>0</difficult>
			<bndbox>
				<xmin>566</xmin>
				<ymin>370</ymin>
				<xmax>627</xmax>
				<ymax>452</ymax>
			</bndbox>
		</object>
	</annotation>
