<?xml version="1.0" encoding="utf-8"?>
	<annotation>
		<folder>VOC2007</folder>
		<filename>274.jpg</filename>
		<size>
			<width>747</width>
			<height>593</height>
			<depth>3</depth>
		</size>
		<object>
			<name>harbor</name>
			<pose>Unspecified</pose>
			<truncated>0</truncated>
			<difficult>0</difficult>
			<bndbox>
				<xmin>147</xmin>
				<ymin>27</ymin>
				<xmax>281</xmax>
				<ymax>92</ymax>
			</bndbox>
		</object>
		<object>
			<name>harbor</name>
			<pose>Unspecified</pose>
			<truncated>0</truncated>
			<difficult>0</difficult>
			<bndbox>
				<xmin>133</xmin>
				<ymin>325</ymin>
				<xmax>292</xmax>
				<ymax>393</ymax>
			</bndbox>
		</object>
		<object>
			<name>harbor</name>
			<pose>Unspecified</pose>
			<truncated>0</truncated>
			<difficult>0</difficult>
			<bndbox>
				<xmin>147</xmin>
				<ymin>424</ymin>
				<xmax>290</xmax>
				<ymax>472</ymax>
			</bndbox>
		</object>
		<object>
			<name>harbor</name>
			<pose>Unspecified</pose>
			<truncated>0</truncated>
			<difficult>0</difficult>
			<bndbox>
				<xmin>182</xmin>
				<ymin>481</ymin>
				<xmax>296</xmax>
				<ymax>536</ymax>
			</bndbox>
		</object>
	</annotation>
