<?xml version="1.0" encoding="utf-8"?>
	<annotation>
		<folder>VOC2007</folder>
		<filename>279.jpg</filename>
		<size>
			<width>756</width>
			<height>560</height>
			<depth>3</depth>
		</size>
		<object>
			<name>harbor</name>
			<pose>Unspecified</pose>
			<truncated>0</truncated>
			<difficult>0</difficult>
			<bndbox>
				<xmin>229</xmin>
				<ymin>221</ymin>
				<xmax>280</xmax>
				<ymax>296</ymax>
			</bndbox>
		</object>
		<object>
			<name>harbor</name>
			<pose>Unspecified</pose>
			<truncated>0</truncated>
			<difficult>0</difficult>
			<bndbox>
				<xmin>288</xmin>
				<ymin>199</ymin>
				<xmax>341</xmax>
				<ymax>298</ymax>
			</bndbox>
		</object>
		<object>
			<name>harbor</name>
			<pose>Unspecified</pose>
			<truncated>0</truncated>
			<difficult>0</difficult>
			<bndbox>
				<xmin>356</xmin>
				<ymin>193</ymin>
				<xmax>417</xmax>
				<ymax>289</ymax>
			</bndbox>
		</object>
		<object>
			<name>harbor</name>
			<pose>Unspecified</pose>
			<truncated>0</truncated>
			<difficult>0</difficult>
			<bndbox>
				<xmin>428</xmin>
				<ymin>178</ymin>
				<xmax>483</xmax>
				<ymax>283</ymax>
			</bndbox>
		</object>
	</annotation>
