<?xml version="1.0" encoding="utf-8"?>
	<annotation>
		<folder>VOC2007</folder>
		<filename>281.jpg</filename>
		<size>
			<width>950</width>
			<height>570</height>
			<depth>3</depth>
		</size>
		<object>
			<name>harbor</name>
			<pose>Unspecified</pose>
			<truncated>0</truncated>
			<difficult>0</difficult>
			<bndbox>
				<xmin>348</xmin>
				<ymin>64</ymin>
				<xmax>481</xmax>
				<ymax>128</ymax>
			</bndbox>
		</object>
		<object>
			<name>harbor</name>
			<pose>Unspecified</pose>
			<truncated>0</truncated>
			<difficult>0</difficult>
			<bndbox>
				<xmin>337</xmin>
				<ymin>149</ymin>
				<xmax>502</xmax>
				<ymax>210</ymax>
			</bndbox>
		</object>
		<object>
			<name>harbor</name>
			<pose>Unspecified</pose>
			<truncated>0</truncated>
			<difficult>0</difficult>
			<bndbox>
				<xmin>342</xmin>
				<ymin>200</ymin>
				<xmax>519</xmax>
				<ymax>264</ymax>
			</bndbox>
		</object>
		<object>
			<name>harbor</name>
			<pose>Unspecified</pose>
			<truncated>0</truncated>
			<difficult>0</difficult>
			<bndbox>
				<xmin>348</xmin>
				<ymin>264</ymin>
				<xmax>540</xmax>
				<ymax>322</ymax>
			</bndbox>
		</object>
		<object>
			<name>harbor</name>
			<pose>Unspecified</pose>
			<truncated>0</truncated>
			<difficult>0</difficult>
			<bndbox>
				<xmin>355</xmin>
				<ymin>321</ymin>
				<xmax>537</xmax>
				<ymax>393</ymax>
			</bndbox>
		</object>
		<object>
			<name>harbor</name>
			<pose>Unspecified</pose>
			<truncated>0</truncated>
			<difficult>0</difficult>
			<bndbox>
				<xmin>388</xmin>
				<ymin>397</ymin>
				<xmax>564</xmax>
				<ymax>474</ymax>
			</bndbox>
		</object>
	</annotation>
