<?xml version="1.0" encoding="utf-8"?>
	<annotation>
		<folder>VOC2007</folder>
		<filename>288.jpg</filename>
		<size>
			<width>968</width>
			<height>776</height>
			<depth>3</depth>
		</size>
		<object>
			<name>ship</name>
			<pose>Unspecified</pose>
			<truncated>0</truncated>
			<difficult>0</difficult>
			<bndbox>
				<xmin>355</xmin>
				<ymin>191</ymin>
				<xmax>426</xmax>
				<ymax>222</ymax>
			</bndbox>
		</object>
		<object>
			<name>ship</name>
			<pose>Unspecified</pose>
			<truncated>0</truncated>
			<difficult>0</difficult>
			<bndbox>
				<xmin>114</xmin>
				<ymin>517</ymin>
				<xmax>183</xmax>
				<ymax>557</ymax>
			</bndbox>
		</object>
	</annotation>
