<?xml version="1.0" encoding="utf-8"?>
	<annotation>
		<folder>VOC2007</folder>
		<filename>293.jpg</filename>
		<size>
			<width>964</width>
			<height>761</height>
			<depth>3</depth>
		</size>
		<object>
			<name>ship</name>
			<pose>Unspecified</pose>
			<truncated>0</truncated>
			<difficult>0</difficult>
			<bndbox>
				<xmin>612</xmin>
				<ymin>127</ymin>
				<xmax>652</xmax>
				<ymax>177</ymax>
			</bndbox>
		</object>
		<object>
			<name>ship</name>
			<pose>Unspecified</pose>
			<truncated>0</truncated>
			<difficult>0</difficult>
			<bndbox>
				<xmin>504</xmin>
				<ymin>619</ymin>
				<xmax>540</xmax>
				<ymax>684</ymax>
			</bndbox>
		</object>
	</annotation>
