<?xml version="1.0" encoding="utf-8"?>
	<annotation>
		<folder>VOC2007</folder>
		<filename>298.jpg</filename>
		<size>
			<width>985</width>
			<height>751</height>
			<depth>3</depth>
		</size>
		<object>
			<name>ship</name>
			<pose>Unspecified</pose>
			<truncated>0</truncated>
			<difficult>0</difficult>
			<bndbox>
				<xmin>108</xmin>
				<ymin>49</ymin>
				<xmax>181</xmax>
				<ymax>101</ymax>
			</bndbox>
		</object>
		<object>
			<name>ship</name>
			<pose>Unspecified</pose>
			<truncated>0</truncated>
			<difficult>0</difficult>
			<bndbox>
				<xmin>180</xmin>
				<ymin>273</ymin>
				<xmax>230</xmax>
				<ymax>348</ymax>
			</bndbox>
		</object>
		<object>
			<name>ship</name>
			<pose>Unspecified</pose>
			<truncated>0</truncated>
			<difficult>0</difficult>
			<bndbox>
				<xmin>767</xmin>
				<ymin>278</ymin>
				<xmax>853</xmax>
				<ymax>327</ymax>
			</bndbox>
		</object>
	</annotation>
