<?xml version="1.0" encoding="utf-8"?>
	<annotation>
		<folder>VOC2007</folder>
		<filename>308.jpg</filename>
		<size>
			<width>996</width>
			<height>694</height>
			<depth>3</depth>
		</size>
		<object>
			<name>ship</name>
			<pose>Unspecified</pose>
			<truncated>0</truncated>
			<difficult>0</difficult>
			<bndbox>
				<xmin>458</xmin>
				<ymin>228</ymin>
				<xmax>529</xmax>
				<ymax>295</ymax>
			</bndbox>
		</object>
		<object>
			<name>ship</name>
			<pose>Unspecified</pose>
			<truncated>0</truncated>
			<difficult>0</difficult>
			<bndbox>
				<xmin>766</xmin>
				<ymin>175</ymin>
				<xmax>835</xmax>
				<ymax>208</ymax>
			</bndbox>
		</object>
		<object>
			<name>ship</name>
			<pose>Unspecified</pose>
			<truncated>0</truncated>
			<difficult>0</difficult>
			<bndbox>
				<xmin>126</xmin>
				<ymin>271</ymin>
				<xmax>202</xmax>
				<ymax>320</ymax>
			</bndbox>
		</object>
		<object>
			<name>ship</name>
			<pose>Unspecified</pose>
			<truncated>0</truncated>
			<difficult>0</difficult>
			<bndbox>
				<xmin>24</xmin>
				<ymin>529</ymin>
				<xmax>91</xmax>
				<ymax>552</ymax>
			</bndbox>
		</object>
		<object>
			<name>storage tank</name>
			<pose>Unspecified</pose>
			<truncated>0</truncated>
			<difficult>0</difficult>
			<bndbox>
				<xmin>227</xmin>
				<ymin>65</ymin>
				<xmax>283</xmax>
				<ymax>122</ymax>
			</bndbox>
		</object>
		<object>
			<name>storage tank</name>
			<pose>Unspecified</pose>
			<truncated>0</truncated>
			<difficult>0</difficult>
			<bndbox>
				<xmin>273</xmin>
				<ymin>87</ymin>
				<xmax>329</xmax>
				<ymax>143</ymax>
			</bndbox>
		</object>
		<object>
			<name>storage tank</name>
			<pose>Unspecified</pose>
			<truncated>0</truncated>
			<difficult>0</difficult>
			<bndbox>
				<xmin>119</xmin>
				<ymin>485</ymin>
				<xmax>154</xmax>
				<ymax>520</ymax>
			</bndbox>
		</object>
		<object>
			<name>storage tank</name>
			<pose>Unspecified</pose>
			<truncated>0</truncated>
			<difficult>0</difficult>
			<bndbox>
				<xmin>154</xmin>
				<ymin>484</ymin>
				<xmax>191</xmax>
				<ymax>522</ymax>
			</bndbox>
		</object>
		<object>
			<name>storage tank</name>
			<pose>Unspecified</pose>
			<truncated>0</truncated>
			<difficult>0</difficult>
			<bndbox>
				<xmin>190</xmin>
				<ymin>484</ymin>
				<xmax>226</xmax>
				<ymax>520</ymax>
			</bndbox>
		</object>
		<object>
			<name>storage tank</name>
			<pose>Unspecified</pose>
			<truncated>0</truncated>
			<difficult>0</difficult>
			<bndbox>
				<xmin>225</xmin>
				<ymin>484</ymin>
				<xmax>261</xmax>
				<ymax>522</ymax>
			</bndbox>
		</object>
		<object>
			<name>storage tank</name>
			<pose>Unspecified</pose>
			<truncated>0</truncated>
			<difficult>0</difficult>
			<bndbox>
				<xmin>130</xmin>
				<ymin>528</ymin>
				<xmax>170</xmax>
				<ymax>563</ymax>
			</bndbox>
		</object>
		<object>
			<name>storage tank</name>
			<pose>Unspecified</pose>
			<truncated>0</truncated>
			<difficult>0</difficult>
			<bndbox>
				<xmin>167</xmin>
				<ymin>525</ymin>
				<xmax>205</xmax>
				<ymax>563</ymax>
			</bndbox>
		</object>
		<object>
			<name>storage tank</name>
			<pose>Unspecified</pose>
			<truncated>0</truncated>
			<difficult>0</difficult>
			<bndbox>
				<xmin>204</xmin>
				<ymin>527</ymin>
				<xmax>241</xmax>
				<ymax>565</ymax>
			</bndbox>
		</object>
		<object>
			<name>storage tank</name>
			<pose>Unspecified</pose>
			<truncated>0</truncated>
			<difficult>0</difficult>
			<bndbox>
				<xmin>239</xmin>
				<ymin>528</ymin>
				<xmax>277</xmax>
				<ymax>564</ymax>
			</bndbox>
		</object>
		<object>
			<name>storage tank</name>
			<pose>Unspecified</pose>
			<truncated>0</truncated>
			<difficult>0</difficult>
			<bndbox>
				<xmin>189</xmin>
				<ymin>569</ymin>
				<xmax>227</xmax>
				<ymax>603</ymax>
			</bndbox>
		</object>
		<object>
			<name>storage tank</name>
			<pose>Unspecified</pose>
			<truncated>0</truncated>
			<difficult>0</difficult>
			<bndbox>
				<xmin>231</xmin>
				<ymin>569</ymin>
				<xmax>272</xmax>
				<ymax>610</ymax>
			</bndbox>
		</object>
		<object>
			<name>storage tank</name>
			<pose>Unspecified</pose>
			<truncated>0</truncated>
			<difficult>0</difficult>
			<bndbox>
				<xmin>189</xmin>
				<ymin>602</ymin>
				<xmax>226</xmax>
				<ymax>642</ymax>
			</bndbox>
		</object>
		<object>
			<name>storage tank</name>
			<pose>Unspecified</pose>
			<truncated>0</truncated>
			<difficult>0</difficult>
			<bndbox>
				<xmin>233</xmin>
				<ymin>610</ymin>
				<xmax>270</xmax>
				<ymax>645</ymax>
			</bndbox>
		</object>
		<object>
			<name>storage tank</name>
			<pose>Unspecified</pose>
			<truncated>0</truncated>
			<difficult>0</difficult>
			<bndbox>
				<xmin>53</xmin>
				<ymin>643</ymin>
				<xmax>90</xmax>
				<ymax>682</ymax>
			</bndbox>
		</object>
	</annotation>
