<?xml version="1.0" encoding="utf-8"?>
	<annotation>
		<folder>VOC2007</folder>
		<filename>309.jpg</filename>
		<size>
			<width>981</width>
			<height>774</height>
			<depth>3</depth>
		</size>
		<object>
			<name>ship</name>
			<pose>Unspecified</pose>
			<truncated>0</truncated>
			<difficult>0</difficult>
			<bndbox>
				<xmin>777</xmin>
				<ymin>289</ymin>
				<xmax>872</xmax>
				<ymax>332</ymax>
			</bndbox>
		</object>
		<object>
			<name>ship</name>
			<pose>Unspecified</pose>
			<truncated>0</truncated>
			<difficult>0</difficult>
			<bndbox>
				<xmin>332</xmin>
				<ymin>369</ymin>
				<xmax>360</xmax>
				<ymax>442</ymax>
			</bndbox>
		</object>
		<object>
			<name>storage tank</name>
			<pose>Unspecified</pose>
			<truncated>0</truncated>
			<difficult>0</difficult>
			<bndbox>
				<xmin>149</xmin>
				<ymin>187</ymin>
				<xmax>189</xmax>
				<ymax>227</ymax>
			</bndbox>
		</object>
		<object>
			<name>storage tank</name>
			<pose>Unspecified</pose>
			<truncated>0</truncated>
			<difficult>0</difficult>
			<bndbox>
				<xmin>150</xmin>
				<ymin>225</ymin>
				<xmax>180</xmax>
				<ymax>255</ymax>
			</bndbox>
		</object>
		<object>
			<name>storage tank</name>
			<pose>Unspecified</pose>
			<truncated>0</truncated>
			<difficult>0</difficult>
			<bndbox>
				<xmin>149</xmin>
				<ymin>258</ymin>
				<xmax>179</xmax>
				<ymax>288</ymax>
			</bndbox>
		</object>
		<object>
			<name>storage tank</name>
			<pose>Unspecified</pose>
			<truncated>0</truncated>
			<difficult>0</difficult>
			<bndbox>
				<xmin>185</xmin>
				<ymin>209</ymin>
				<xmax>235</xmax>
				<ymax>263</ymax>
			</bndbox>
		</object>
		<object>
			<name>storage tank</name>
			<pose>Unspecified</pose>
			<truncated>0</truncated>
			<difficult>0</difficult>
			<bndbox>
				<xmin>234</xmin>
				<ymin>210</ymin>
				<xmax>286</xmax>
				<ymax>264</ymax>
			</bndbox>
		</object>
		<object>
			<name>storage tank</name>
			<pose>Unspecified</pose>
			<truncated>0</truncated>
			<difficult>0</difficult>
			<bndbox>
				<xmin>180</xmin>
				<ymin>261</ymin>
				<xmax>232</xmax>
				<ymax>313</ymax>
			</bndbox>
		</object>
		<object>
			<name>storage tank</name>
			<pose>Unspecified</pose>
			<truncated>0</truncated>
			<difficult>0</difficult>
			<bndbox>
				<xmin>229</xmin>
				<ymin>262</ymin>
				<xmax>284</xmax>
				<ymax>316</ymax>
			</bndbox>
		</object>
		<object>
			<name>storage tank</name>
			<pose>Unspecified</pose>
			<truncated>0</truncated>
			<difficult>0</difficult>
			<bndbox>
				<xmin>144</xmin>
				<ymin>322</ymin>
				<xmax>170</xmax>
				<ymax>351</ymax>
			</bndbox>
		</object>
		<object>
			<name>storage tank</name>
			<pose>Unspecified</pose>
			<truncated>0</truncated>
			<difficult>0</difficult>
			<bndbox>
				<xmin>167</xmin>
				<ymin>321</ymin>
				<xmax>194</xmax>
				<ymax>355</ymax>
			</bndbox>
		</object>
		<object>
			<name>storage tank</name>
			<pose>Unspecified</pose>
			<truncated>0</truncated>
			<difficult>0</difficult>
			<bndbox>
				<xmin>189</xmin>
				<ymin>324</ymin>
				<xmax>217</xmax>
				<ymax>356</ymax>
			</bndbox>
		</object>
		<object>
			<name>storage tank</name>
			<pose>Unspecified</pose>
			<truncated>0</truncated>
			<difficult>0</difficult>
			<bndbox>
				<xmin>213</xmin>
				<ymin>325</ymin>
				<xmax>239</xmax>
				<ymax>357</ymax>
			</bndbox>
		</object>
		<object>
			<name>storage tank</name>
			<pose>Unspecified</pose>
			<truncated>0</truncated>
			<difficult>0</difficult>
			<bndbox>
				<xmin>236</xmin>
				<ymin>327</ymin>
				<xmax>262</xmax>
				<ymax>359</ymax>
			</bndbox>
		</object>
		<object>
			<name>storage tank</name>
			<pose>Unspecified</pose>
			<truncated>0</truncated>
			<difficult>0</difficult>
			<bndbox>
				<xmin>260</xmin>
				<ymin>326</ymin>
				<xmax>287</xmax>
				<ymax>361</ymax>
			</bndbox>
		</object>
	</annotation>
