<?xml version="1.0" encoding="utf-8"?>
	<annotation>
		<folder>VOC2007</folder>
		<filename>315.jpg</filename>
		<size>
			<width>1689</width>
			<height>1026</height>
			<depth>3</depth>
		</size>
		<object>
			<name>storage tank</name>
			<pose>Unspecified</pose>
			<truncated>0</truncated>
			<difficult>0</difficult>
			<bndbox>
				<xmin>1270</xmin>
				<ymin>231</ymin>
				<xmax>1363</xmax>
				<ymax>316</ymax>
			</bndbox>
		</object>
		<object>
			<name>storage tank</name>
			<pose>Unspecified</pose>
			<truncated>0</truncated>
			<difficult>0</difficult>
			<bndbox>
				<xmin>1347</xmin>
				<ymin>225</ymin>
				<xmax>1449</xmax>
				<ymax>312</ymax>
			</bndbox>
		</object>
		<object>
			<name>storage tank</name>
			<pose>Unspecified</pose>
			<truncated>0</truncated>
			<difficult>0</difficult>
			<bndbox>
				<xmin>1423</xmin>
				<ymin>195</ymin>
				<xmax>1518</xmax>
				<ymax>279</ymax>
			</bndbox>
		</object>
		<object>
			<name>storage tank</name>
			<pose>Unspecified</pose>
			<truncated>0</truncated>
			<difficult>0</difficult>
			<bndbox>
				<xmin>1234</xmin>
				<ymin>310</ymin>
				<xmax>1336</xmax>
				<ymax>408</ymax>
			</bndbox>
		</object>
		<object>
			<name>storage tank</name>
			<pose>Unspecified</pose>
			<truncated>0</truncated>
			<difficult>0</difficult>
			<bndbox>
				<xmin>1321</xmin>
				<ymin>315</ymin>
				<xmax>1420</xmax>
				<ymax>408</ymax>
			</bndbox>
		</object>
		<object>
			<name>storage tank</name>
			<pose>Unspecified</pose>
			<truncated>0</truncated>
			<difficult>0</difficult>
			<bndbox>
				<xmin>1414</xmin>
				<ymin>316</ymin>
				<xmax>1513</xmax>
				<ymax>402</ymax>
			</bndbox>
		</object>
		<object>
			<name>storage tank</name>
			<pose>Unspecified</pose>
			<truncated>0</truncated>
			<difficult>0</difficult>
			<bndbox>
				<xmin>1204</xmin>
				<ymin>418</ymin>
				<xmax>1276</xmax>
				<ymax>496</ymax>
			</bndbox>
		</object>
		<object>
			<name>storage tank</name>
			<pose>Unspecified</pose>
			<truncated>0</truncated>
			<difficult>0</difficult>
			<bndbox>
				<xmin>1201</xmin>
				<ymin>483</ymin>
				<xmax>1276</xmax>
				<ymax>555</ymax>
			</bndbox>
		</object>
		<object>
			<name>storage tank</name>
			<pose>Unspecified</pose>
			<truncated>0</truncated>
			<difficult>0</difficult>
			<bndbox>
				<xmin>1266</xmin>
				<ymin>423</ymin>
				<xmax>1342</xmax>
				<ymax>493</ymax>
			</bndbox>
		</object>
		<object>
			<name>storage tank</name>
			<pose>Unspecified</pose>
			<truncated>0</truncated>
			<difficult>0</difficult>
			<bndbox>
				<xmin>1267</xmin>
				<ymin>487</ymin>
				<xmax>1342</xmax>
				<ymax>556</ymax>
			</bndbox>
		</object>
		<object>
			<name>storage tank</name>
			<pose>Unspecified</pose>
			<truncated>0</truncated>
			<difficult>0</difficult>
			<bndbox>
				<xmin>1332</xmin>
				<ymin>445</ymin>
				<xmax>1435</xmax>
				<ymax>541</ymax>
			</bndbox>
		</object>
		<object>
			<name>storage tank</name>
			<pose>Unspecified</pose>
			<truncated>0</truncated>
			<difficult>0</difficult>
			<bndbox>
				<xmin>1201</xmin>
				<ymin>556</ymin>
				<xmax>1273</xmax>
				<ymax>625</ymax>
			</bndbox>
		</object>
		<object>
			<name>storage tank</name>
			<pose>Unspecified</pose>
			<truncated>0</truncated>
			<difficult>0</difficult>
			<bndbox>
				<xmin>1203</xmin>
				<ymin>618</ymin>
				<xmax>1275</xmax>
				<ymax>693</ymax>
			</bndbox>
		</object>
		<object>
			<name>storage tank</name>
			<pose>Unspecified</pose>
			<truncated>0</truncated>
			<difficult>0</difficult>
			<bndbox>
				<xmin>1266</xmin>
				<ymin>559</ymin>
				<xmax>1338</xmax>
				<ymax>625</ymax>
			</bndbox>
		</object>
		<object>
			<name>storage tank</name>
			<pose>Unspecified</pose>
			<truncated>0</truncated>
			<difficult>0</difficult>
			<bndbox>
				<xmin>1266</xmin>
				<ymin>619</ymin>
				<xmax>1341</xmax>
				<ymax>694</ymax>
			</bndbox>
		</object>
		<object>
			<name>storage tank</name>
			<pose>Unspecified</pose>
			<truncated>0</truncated>
			<difficult>0</difficult>
			<bndbox>
				<xmin>1329</xmin>
				<ymin>558</ymin>
				<xmax>1401</xmax>
				<ymax>630</ymax>
			</bndbox>
		</object>
		<object>
			<name>storage tank</name>
			<pose>Unspecified</pose>
			<truncated>0</truncated>
			<difficult>0</difficult>
			<bndbox>
				<xmin>1329</xmin>
				<ymin>618</ymin>
				<xmax>1405</xmax>
				<ymax>691</ymax>
			</bndbox>
		</object>
		<object>
			<name>storage tank</name>
			<pose>Unspecified</pose>
			<truncated>0</truncated>
			<difficult>0</difficult>
			<bndbox>
				<xmin>1392</xmin>
				<ymin>564</ymin>
				<xmax>1461</xmax>
				<ymax>628</ymax>
			</bndbox>
		</object>
		<object>
			<name>storage tank</name>
			<pose>Unspecified</pose>
			<truncated>0</truncated>
			<difficult>0</difficult>
			<bndbox>
				<xmin>1393</xmin>
				<ymin>619</ymin>
				<xmax>1459</xmax>
				<ymax>678</ymax>
			</bndbox>
		</object>
		<object>
			<name>storage tank</name>
			<pose>Unspecified</pose>
			<truncated>0</truncated>
			<difficult>0</difficult>
			<bndbox>
				<xmin>1198</xmin>
				<ymin>691</ymin>
				<xmax>1275</xmax>
				<ymax>769</ymax>
			</bndbox>
		</object>
		<object>
			<name>storage tank</name>
			<pose>Unspecified</pose>
			<truncated>0</truncated>
			<difficult>0</difficult>
			<bndbox>
				<xmin>1261</xmin>
				<ymin>688</ymin>
				<xmax>1336</xmax>
				<ymax>766</ymax>
			</bndbox>
		</object>
		<object>
			<name>storage tank</name>
			<pose>Unspecified</pose>
			<truncated>0</truncated>
			<difficult>0</difficult>
			<bndbox>
				<xmin>1327</xmin>
				<ymin>693</ymin>
				<xmax>1398</xmax>
				<ymax>763</ymax>
			</bndbox>
		</object>
		<object>
			<name>storage tank</name>
			<pose>Unspecified</pose>
			<truncated>0</truncated>
			<difficult>0</difficult>
			<bndbox>
				<xmin>1389</xmin>
				<ymin>690</ymin>
				<xmax>1464</xmax>
				<ymax>766</ymax>
			</bndbox>
		</object>
		<object>
			<name>storage tank</name>
			<pose>Unspecified</pose>
			<truncated>0</truncated>
			<difficult>0</difficult>
			<bndbox>
				<xmin>1260</xmin>
				<ymin>769</ymin>
				<xmax>1356</xmax>
				<ymax>864</ymax>
			</bndbox>
		</object>
		<object>
			<name>storage tank</name>
			<pose>Unspecified</pose>
			<truncated>0</truncated>
			<difficult>0</difficult>
			<bndbox>
				<xmin>1359</xmin>
				<ymin>774</ymin>
				<xmax>1462</xmax>
				<ymax>868</ymax>
			</bndbox>
		</object>
		<object>
			<name>ship</name>
			<pose>Unspecified</pose>
			<truncated>0</truncated>
			<difficult>0</difficult>
			<bndbox>
				<xmin>216</xmin>
				<ymin>157</ymin>
				<xmax>271</xmax>
				<ymax>277</ymax>
			</bndbox>
		</object>
		<object>
			<name>ship</name>
			<pose>Unspecified</pose>
			<truncated>0</truncated>
			<difficult>0</difficult>
			<bndbox>
				<xmin>163</xmin>
				<ymin>558</ymin>
				<xmax>274</xmax>
				<ymax>657</ymax>
			</bndbox>
		</object>
		<object>
			<name>ship</name>
			<pose>Unspecified</pose>
			<truncated>0</truncated>
			<difficult>0</difficult>
			<bndbox>
				<xmin>463</xmin>
				<ymin>537</ymin>
				<xmax>546</xmax>
				<ymax>642</ymax>
			</bndbox>
		</object>
		<object>
			<name>ship</name>
			<pose>Unspecified</pose>
			<truncated>0</truncated>
			<difficult>0</difficult>
			<bndbox>
				<xmin>720</xmin>
				<ymin>54</ymin>
				<xmax>789</xmax>
				<ymax>157</ymax>
			</bndbox>
		</object>
		<object>
			<name>ship</name>
			<pose>Unspecified</pose>
			<truncated>0</truncated>
			<difficult>0</difficult>
			<bndbox>
				<xmin>957</xmin>
				<ymin>60</ymin>
				<xmax>1030</xmax>
				<ymax>141</ymax>
			</bndbox>
		</object>
	</annotation>
