<?xml version="1.0" encoding="utf-8"?>
	<annotation>
		<folder>VOC2007</folder>
		<filename>316.jpg</filename>
		<size>
			<width>1166</width>
			<height>822</height>
			<depth>3</depth>
		</size>
		<object>
			<name>storage tank</name>
			<pose>Unspecified</pose>
			<truncated>0</truncated>
			<difficult>0</difficult>
			<bndbox>
				<xmin>804</xmin>
				<ymin>247</ymin>
				<xmax>867</xmax>
				<ymax>315</ymax>
			</bndbox>
		</object>
		<object>
			<name>storage tank</name>
			<pose>Unspecified</pose>
			<truncated>0</truncated>
			<difficult>0</difficult>
			<bndbox>
				<xmin>769</xmin>
				<ymin>321</ymin>
				<xmax>837</xmax>
				<ymax>390</ymax>
			</bndbox>
		</object>
		<object>
			<name>storage tank</name>
			<pose>Unspecified</pose>
			<truncated>0</truncated>
			<difficult>0</difficult>
			<bndbox>
				<xmin>740</xmin>
				<ymin>399</ymin>
				<xmax>807</xmax>
				<ymax>469</ymax>
			</bndbox>
		</object>
		<object>
			<name>storage tank</name>
			<pose>Unspecified</pose>
			<truncated>0</truncated>
			<difficult>0</difficult>
			<bndbox>
				<xmin>880</xmin>
				<ymin>279</ymin>
				<xmax>945</xmax>
				<ymax>348</ymax>
			</bndbox>
		</object>
		<object>
			<name>storage tank</name>
			<pose>Unspecified</pose>
			<truncated>0</truncated>
			<difficult>0</difficult>
			<bndbox>
				<xmin>852</xmin>
				<ymin>354</ymin>
				<xmax>915</xmax>
				<ymax>422</ymax>
			</bndbox>
		</object>
		<object>
			<name>storage tank</name>
			<pose>Unspecified</pose>
			<truncated>0</truncated>
			<difficult>0</difficult>
			<bndbox>
				<xmin>814</xmin>
				<ymin>434</ymin>
				<xmax>883</xmax>
				<ymax>501</ymax>
			</bndbox>
		</object>
		<object>
			<name>storage tank</name>
			<pose>Unspecified</pose>
			<truncated>0</truncated>
			<difficult>0</difficult>
			<bndbox>
				<xmin>955</xmin>
				<ymin>307</ymin>
				<xmax>1022</xmax>
				<ymax>381</ymax>
			</bndbox>
		</object>
		<object>
			<name>storage tank</name>
			<pose>Unspecified</pose>
			<truncated>0</truncated>
			<difficult>0</difficult>
			<bndbox>
				<xmin>928</xmin>
				<ymin>388</ymin>
				<xmax>988</xmax>
				<ymax>456</ymax>
			</bndbox>
		</object>
		<object>
			<name>storage tank</name>
			<pose>Unspecified</pose>
			<truncated>0</truncated>
			<difficult>0</difficult>
			<bndbox>
				<xmin>892</xmin>
				<ymin>460</ymin>
				<xmax>962</xmax>
				<ymax>535</ymax>
			</bndbox>
		</object>
		<object>
			<name>storage tank</name>
			<pose>Unspecified</pose>
			<truncated>0</truncated>
			<difficult>0</difficult>
			<bndbox>
				<xmin>1045</xmin>
				<ymin>444</ymin>
				<xmax>1108</xmax>
				<ymax>508</ymax>
			</bndbox>
		</object>
		<object>
			<name>storage tank</name>
			<pose>Unspecified</pose>
			<truncated>0</truncated>
			<difficult>0</difficult>
			<bndbox>
				<xmin>1022</xmin>
				<ymin>490</ymin>
				<xmax>1090</xmax>
				<ymax>566</ymax>
			</bndbox>
		</object>
		<object>
			<name>storage tank</name>
			<pose>Unspecified</pose>
			<truncated>0</truncated>
			<difficult>0</difficult>
			<bndbox>
				<xmin>1003</xmin>
				<ymin>541</ymin>
				<xmax>1066</xmax>
				<ymax>616</ymax>
			</bndbox>
		</object>
		<object>
			<name>storage tank</name>
			<pose>Unspecified</pose>
			<truncated>0</truncated>
			<difficult>0</difficult>
			<bndbox>
				<xmin>980</xmin>
				<ymin>594</ymin>
				<xmax>1048</xmax>
				<ymax>668</ymax>
			</bndbox>
		</object>
	</annotation>
