<?xml version="1.0" encoding="utf-8"?>
	<annotation>
		<folder>VOC2007</folder>
		<filename>321.jpg</filename>
		<size>
			<width>972</width>
			<height>759</height>
			<depth>3</depth>
		</size>
		<object>
			<name>ship</name>
			<pose>Unspecified</pose>
			<truncated>0</truncated>
			<difficult>0</difficult>
			<bndbox>
				<xmin>601</xmin>
				<ymin>433</ymin>
				<xmax>634</xmax>
				<ymax>532</ymax>
			</bndbox>
		</object>
		<object>
			<name>storage tank</name>
			<pose>Unspecified</pose>
			<truncated>0</truncated>
			<difficult>0</difficult>
			<bndbox>
				<xmin>708</xmin>
				<ymin>392</ymin>
				<xmax>748</xmax>
				<ymax>433</ymax>
			</bndbox>
		</object>
		<object>
			<name>storage tank</name>
			<pose>Unspecified</pose>
			<truncated>0</truncated>
			<difficult>0</difficult>
			<bndbox>
				<xmin>757</xmin>
				<ymin>398</ymin>
				<xmax>801</xmax>
				<ymax>439</ymax>
			</bndbox>
		</object>
		<object>
			<name>storage tank</name>
			<pose>Unspecified</pose>
			<truncated>0</truncated>
			<difficult>0</difficult>
			<bndbox>
				<xmin>690</xmin>
				<ymin>493</ymin>
				<xmax>723</xmax>
				<ymax>528</ymax>
			</bndbox>
		</object>
		<object>
			<name>storage tank</name>
			<pose>Unspecified</pose>
			<truncated>0</truncated>
			<difficult>0</difficult>
			<bndbox>
				<xmin>726</xmin>
				<ymin>496</ymin>
				<xmax>760</xmax>
				<ymax>534</ymax>
			</bndbox>
		</object>
		<object>
			<name>storage tank</name>
			<pose>Unspecified</pose>
			<truncated>0</truncated>
			<difficult>0</difficult>
			<bndbox>
				<xmin>762</xmin>
				<ymin>500</ymin>
				<xmax>797</xmax>
				<ymax>537</ymax>
			</bndbox>
		</object>
		<object>
			<name>storage tank</name>
			<pose>Unspecified</pose>
			<truncated>0</truncated>
			<difficult>0</difficult>
			<bndbox>
				<xmin>809</xmin>
				<ymin>506</ymin>
				<xmax>846</xmax>
				<ymax>546</ymax>
			</bndbox>
		</object>
		<object>
			<name>storage tank</name>
			<pose>Unspecified</pose>
			<truncated>0</truncated>
			<difficult>0</difficult>
			<bndbox>
				<xmin>847</xmin>
				<ymin>515</ymin>
				<xmax>883</xmax>
				<ymax>551</ymax>
			</bndbox>
		</object>
		<object>
			<name>storage tank</name>
			<pose>Unspecified</pose>
			<truncated>0</truncated>
			<difficult>0</difficult>
			<bndbox>
				<xmin>910</xmin>
				<ymin>521</ymin>
				<xmax>944</xmax>
				<ymax>560</ymax>
			</bndbox>
		</object>
		<object>
			<name>storage tank</name>
			<pose>Unspecified</pose>
			<truncated>0</truncated>
			<difficult>0</difficult>
			<bndbox>
				<xmin>685</xmin>
				<ymin>527</ymin>
				<xmax>719</xmax>
				<ymax>566</ymax>
			</bndbox>
		</object>
		<object>
			<name>storage tank</name>
			<pose>Unspecified</pose>
			<truncated>0</truncated>
			<difficult>0</difficult>
			<bndbox>
				<xmin>723</xmin>
				<ymin>535</ymin>
				<xmax>758</xmax>
				<ymax>571</ymax>
			</bndbox>
		</object>
		<object>
			<name>storage tank</name>
			<pose>Unspecified</pose>
			<truncated>0</truncated>
			<difficult>0</difficult>
			<bndbox>
				<xmin>761</xmin>
				<ymin>542</ymin>
				<xmax>795</xmax>
				<ymax>576</ymax>
			</bndbox>
		</object>
		<object>
			<name>storage tank</name>
			<pose>Unspecified</pose>
			<truncated>0</truncated>
			<difficult>0</difficult>
			<bndbox>
				<xmin>808</xmin>
				<ymin>548</ymin>
				<xmax>844</xmax>
				<ymax>583</ymax>
			</bndbox>
		</object>
		<object>
			<name>storage tank</name>
			<pose>Unspecified</pose>
			<truncated>0</truncated>
			<difficult>0</difficult>
			<bndbox>
				<xmin>845</xmin>
				<ymin>548</ymin>
				<xmax>880</xmax>
				<ymax>588</ymax>
			</bndbox>
		</object>
		<object>
			<name>storage tank</name>
			<pose>Unspecified</pose>
			<truncated>0</truncated>
			<difficult>0</difficult>
			<bndbox>
				<xmin>905</xmin>
				<ymin>563</ymin>
				<xmax>942</xmax>
				<ymax>602</ymax>
			</bndbox>
		</object>
		<object>
			<name>storage tank</name>
			<pose>Unspecified</pose>
			<truncated>0</truncated>
			<difficult>0</difficult>
			<bndbox>
				<xmin>682</xmin>
				<ymin>566</ymin>
				<xmax>717</xmax>
				<ymax>603</ymax>
			</bndbox>
		</object>
		<object>
			<name>storage tank</name>
			<pose>Unspecified</pose>
			<truncated>0</truncated>
			<difficult>0</difficult>
			<bndbox>
				<xmin>717</xmin>
				<ymin>573</ymin>
				<xmax>755</xmax>
				<ymax>610</ymax>
			</bndbox>
		</object>
		<object>
			<name>storage tank</name>
			<pose>Unspecified</pose>
			<truncated>0</truncated>
			<difficult>0</difficult>
			<bndbox>
				<xmin>756</xmin>
				<ymin>579</ymin>
				<xmax>791</xmax>
				<ymax>613</ymax>
			</bndbox>
		</object>
		<object>
			<name>storage tank</name>
			<pose>Unspecified</pose>
			<truncated>0</truncated>
			<difficult>0</difficult>
			<bndbox>
				<xmin>807</xmin>
				<ymin>582</ymin>
				<xmax>841</xmax>
				<ymax>621</ymax>
			</bndbox>
		</object>
		<object>
			<name>storage tank</name>
			<pose>Unspecified</pose>
			<truncated>0</truncated>
			<difficult>0</difficult>
			<bndbox>
				<xmin>843</xmin>
				<ymin>588</ymin>
				<xmax>877</xmax>
				<ymax>629</ymax>
			</bndbox>
		</object>
		<object>
			<name>storage tank</name>
			<pose>Unspecified</pose>
			<truncated>0</truncated>
			<difficult>0</difficult>
			<bndbox>
				<xmin>912</xmin>
				<ymin>611</ymin>
				<xmax>951</xmax>
				<ymax>653</ymax>
			</bndbox>
		</object>
		<object>
			<name>storage tank</name>
			<pose>Unspecified</pose>
			<truncated>0</truncated>
			<difficult>0</difficult>
			<bndbox>
				<xmin>687</xmin>
				<ymin>614</ymin>
				<xmax>734</xmax>
				<ymax>668</ymax>
			</bndbox>
		</object>
		<object>
			<name>storage tank</name>
			<pose>Unspecified</pose>
			<truncated>0</truncated>
			<difficult>0</difficult>
			<bndbox>
				<xmin>739</xmin>
				<ymin>620</ymin>
				<xmax>787</xmax>
				<ymax>676</ymax>
			</bndbox>
		</object>
		<object>
			<name>storage tank</name>
			<pose>Unspecified</pose>
			<truncated>0</truncated>
			<difficult>0</difficult>
			<bndbox>
				<xmin>793</xmin>
				<ymin>632</ymin>
				<xmax>842</xmax>
				<ymax>683</ymax>
			</bndbox>
		</object>
		<object>
			<name>storage tank</name>
			<pose>Unspecified</pose>
			<truncated>0</truncated>
			<difficult>0</difficult>
			<bndbox>
				<xmin>844</xmin>
				<ymin>638</ymin>
				<xmax>890</xmax>
				<ymax>688</ymax>
			</bndbox>
		</object>
		<object>
			<name>storage tank</name>
			<pose>Unspecified</pose>
			<truncated>0</truncated>
			<difficult>0</difficult>
			<bndbox>
				<xmin>910</xmin>
				<ymin>660</ymin>
				<xmax>948</xmax>
				<ymax>703</ymax>
			</bndbox>
		</object>
		<object>
			<name>storage tank</name>
			<pose>Unspecified</pose>
			<truncated>0</truncated>
			<difficult>0</difficult>
			<bndbox>
				<xmin>683</xmin>
				<ymin>667</ymin>
				<xmax>727</xmax>
				<ymax>720</ymax>
			</bndbox>
		</object>
		<object>
			<name>storage tank</name>
			<pose>Unspecified</pose>
			<truncated>0</truncated>
			<difficult>0</difficult>
			<bndbox>
				<xmin>732</xmin>
				<ymin>678</ymin>
				<xmax>781</xmax>
				<ymax>728</ymax>
			</bndbox>
		</object>
		<object>
			<name>storage tank</name>
			<pose>Unspecified</pose>
			<truncated>0</truncated>
			<difficult>0</difficult>
			<bndbox>
				<xmin>790</xmin>
				<ymin>686</ymin>
				<xmax>839</xmax>
				<ymax>736</ymax>
			</bndbox>
		</object>
		<object>
			<name>storage tank</name>
			<pose>Unspecified</pose>
			<truncated>0</truncated>
			<difficult>0</difficult>
			<bndbox>
				<xmin>841</xmin>
				<ymin>694</ymin>
				<xmax>890</xmax>
				<ymax>745</ymax>
			</bndbox>
		</object>
		<object>
			<name>storage tank</name>
			<pose>Unspecified</pose>
			<truncated>0</truncated>
			<difficult>0</difficult>
			<bndbox>
				<xmin>906</xmin>
				<ymin>717</ymin>
				<xmax>947</xmax>
				<ymax>757</ymax>
			</bndbox>
		</object>
	</annotation>
