<?xml version="1.0" encoding="utf-8"?>
	<annotation>
		<folder>VOC2007</folder>
		<filename>324.jpg</filename>
		<size>
			<width>1152</width>
			<height>625</height>
			<depth>3</depth>
		</size>
		<object>
			<name>storage tank</name>
			<pose>Unspecified</pose>
			<truncated>0</truncated>
			<difficult>0</difficult>
			<bndbox>
				<xmin>350</xmin>
				<ymin>38</ymin>
				<xmax>389</xmax>
				<ymax>72</ymax>
			</bndbox>
		</object>
		<object>
			<name>storage tank</name>
			<pose>Unspecified</pose>
			<truncated>0</truncated>
			<difficult>0</difficult>
			<bndbox>
				<xmin>402</xmin>
				<ymin>38</ymin>
				<xmax>445</xmax>
				<ymax>76</ymax>
			</bndbox>
		</object>
		<object>
			<name>storage tank</name>
			<pose>Unspecified</pose>
			<truncated>0</truncated>
			<difficult>0</difficult>
			<bndbox>
				<xmin>502</xmin>
				<ymin>44</ymin>
				<xmax>531</xmax>
				<ymax>73</ymax>
			</bndbox>
		</object>
		<object>
			<name>storage tank</name>
			<pose>Unspecified</pose>
			<truncated>0</truncated>
			<difficult>0</difficult>
			<bndbox>
				<xmin>600</xmin>
				<ymin>47</ymin>
				<xmax>633</xmax>
				<ymax>78</ymax>
			</bndbox>
		</object>
		<object>
			<name>storage tank</name>
			<pose>Unspecified</pose>
			<truncated>0</truncated>
			<difficult>0</difficult>
			<bndbox>
				<xmin>659</xmin>
				<ymin>49</ymin>
				<xmax>694</xmax>
				<ymax>83</ymax>
			</bndbox>
		</object>
		<object>
			<name>storage tank</name>
			<pose>Unspecified</pose>
			<truncated>0</truncated>
			<difficult>0</difficult>
			<bndbox>
				<xmin>719</xmin>
				<ymin>67</ymin>
				<xmax>755</xmax>
				<ymax>100</ymax>
			</bndbox>
		</object>
		<object>
			<name>storage tank</name>
			<pose>Unspecified</pose>
			<truncated>0</truncated>
			<difficult>0</difficult>
			<bndbox>
				<xmin>530</xmin>
				<ymin>78</ymin>
				<xmax>555</xmax>
				<ymax>102</ymax>
			</bndbox>
		</object>
		<object>
			<name>storage tank</name>
			<pose>Unspecified</pose>
			<truncated>0</truncated>
			<difficult>0</difficult>
			<bndbox>
				<xmin>361</xmin>
				<ymin>92</ymin>
				<xmax>400</xmax>
				<ymax>131</ymax>
			</bndbox>
		</object>
		<object>
			<name>storage tank</name>
			<pose>Unspecified</pose>
			<truncated>0</truncated>
			<difficult>0</difficult>
			<bndbox>
				<xmin>404</xmin>
				<ymin>108</ymin>
				<xmax>445</xmax>
				<ymax>138</ymax>
			</bndbox>
		</object>
		<object>
			<name>storage tank</name>
			<pose>Unspecified</pose>
			<truncated>0</truncated>
			<difficult>0</difficult>
			<bndbox>
				<xmin>501</xmin>
				<ymin>108</ymin>
				<xmax>531</xmax>
				<ymax>137</ymax>
			</bndbox>
		</object>
		<object>
			<name>storage tank</name>
			<pose>Unspecified</pose>
			<truncated>0</truncated>
			<difficult>0</difficult>
			<bndbox>
				<xmin>602</xmin>
				<ymin>102</ymin>
				<xmax>632</xmax>
				<ymax>130</ymax>
			</bndbox>
		</object>
		<object>
			<name>storage tank</name>
			<pose>Unspecified</pose>
			<truncated>0</truncated>
			<difficult>0</difficult>
			<bndbox>
				<xmin>659</xmin>
				<ymin>102</ymin>
				<xmax>694</xmax>
				<ymax>135</ymax>
			</bndbox>
		</object>
		<object>
			<name>storage tank</name>
			<pose>Unspecified</pose>
			<truncated>0</truncated>
			<difficult>0</difficult>
			<bndbox>
				<xmin>234</xmin>
				<ymin>224</ymin>
				<xmax>270</xmax>
				<ymax>261</ymax>
			</bndbox>
		</object>
		<object>
			<name>storage tank</name>
			<pose>Unspecified</pose>
			<truncated>0</truncated>
			<difficult>0</difficult>
			<bndbox>
				<xmin>291</xmin>
				<ymin>203</ymin>
				<xmax>324</xmax>
				<ymax>236</ymax>
			</bndbox>
		</object>
		<object>
			<name>storage tank</name>
			<pose>Unspecified</pose>
			<truncated>0</truncated>
			<difficult>0</difficult>
			<bndbox>
				<xmin>335</xmin>
				<ymin>227</ymin>
				<xmax>371</xmax>
				<ymax>261</ymax>
			</bndbox>
		</object>
		<object>
			<name>storage tank</name>
			<pose>Unspecified</pose>
			<truncated>0</truncated>
			<difficult>0</difficult>
			<bndbox>
				<xmin>420</xmin>
				<ymin>226</ymin>
				<xmax>456</xmax>
				<ymax>259</ymax>
			</bndbox>
		</object>
		<object>
			<name>storage tank</name>
			<pose>Unspecified</pose>
			<truncated>0</truncated>
			<difficult>0</difficult>
			<bndbox>
				<xmin>474</xmin>
				<ymin>225</ymin>
				<xmax>508</xmax>
				<ymax>257</ymax>
			</bndbox>
		</object>
		<object>
			<name>storage tank</name>
			<pose>Unspecified</pose>
			<truncated>0</truncated>
			<difficult>0</difficult>
			<bndbox>
				<xmin>532</xmin>
				<ymin>225</ymin>
				<xmax>565</xmax>
				<ymax>257</ymax>
			</bndbox>
		</object>
		<object>
			<name>storage tank</name>
			<pose>Unspecified</pose>
			<truncated>0</truncated>
			<difficult>0</difficult>
			<bndbox>
				<xmin>584</xmin>
				<ymin>226</ymin>
				<xmax>618</xmax>
				<ymax>257</ymax>
			</bndbox>
		</object>
		<object>
			<name>storage tank</name>
			<pose>Unspecified</pose>
			<truncated>0</truncated>
			<difficult>0</difficult>
			<bndbox>
				<xmin>646</xmin>
				<ymin>228</ymin>
				<xmax>679</xmax>
				<ymax>260</ymax>
			</bndbox>
		</object>
		<object>
			<name>storage tank</name>
			<pose>Unspecified</pose>
			<truncated>0</truncated>
			<difficult>0</difficult>
			<bndbox>
				<xmin>223</xmin>
				<ymin>286</ymin>
				<xmax>255</xmax>
				<ymax>317</ymax>
			</bndbox>
		</object>
		<object>
			<name>storage tank</name>
			<pose>Unspecified</pose>
			<truncated>0</truncated>
			<difficult>0</difficult>
			<bndbox>
				<xmin>279</xmin>
				<ymin>284</ymin>
				<xmax>308</xmax>
				<ymax>309</ymax>
			</bndbox>
		</object>
		<object>
			<name>storage tank</name>
			<pose>Unspecified</pose>
			<truncated>0</truncated>
			<difficult>0</difficult>
			<bndbox>
				<xmin>190</xmin>
				<ymin>313</ymin>
				<xmax>224</xmax>
				<ymax>342</ymax>
			</bndbox>
		</object>
		<object>
			<name>storage tank</name>
			<pose>Unspecified</pose>
			<truncated>0</truncated>
			<difficult>0</difficult>
			<bndbox>
				<xmin>280</xmin>
				<ymin>316</ymin>
				<xmax>307</xmax>
				<ymax>342</ymax>
			</bndbox>
		</object>
		<object>
			<name>storage tank</name>
			<pose>Unspecified</pose>
			<truncated>0</truncated>
			<difficult>0</difficult>
			<bndbox>
				<xmin>324</xmin>
				<ymin>295</ymin>
				<xmax>371</xmax>
				<ymax>338</ymax>
			</bndbox>
		</object>
		<object>
			<name>storage tank</name>
			<pose>Unspecified</pose>
			<truncated>0</truncated>
			<difficult>0</difficult>
			<bndbox>
				<xmin>422</xmin>
				<ymin>269</ymin>
				<xmax>457</xmax>
				<ymax>302</ymax>
			</bndbox>
		</object>
		<object>
			<name>storage tank</name>
			<pose>Unspecified</pose>
			<truncated>0</truncated>
			<difficult>0</difficult>
			<bndbox>
				<xmin>471</xmin>
				<ymin>270</ymin>
				<xmax>505</xmax>
				<ymax>305</ymax>
			</bndbox>
		</object>
		<object>
			<name>storage tank</name>
			<pose>Unspecified</pose>
			<truncated>0</truncated>
			<difficult>0</difficult>
			<bndbox>
				<xmin>560</xmin>
				<ymin>271</ymin>
				<xmax>591</xmax>
				<ymax>303</ymax>
			</bndbox>
		</object>
		<object>
			<name>storage tank</name>
			<pose>Unspecified</pose>
			<truncated>0</truncated>
			<difficult>0</difficult>
			<bndbox>
				<xmin>611</xmin>
				<ymin>274</ymin>
				<xmax>642</xmax>
				<ymax>305</ymax>
			</bndbox>
		</object>
		<object>
			<name>storage tank</name>
			<pose>Unspecified</pose>
			<truncated>0</truncated>
			<difficult>0</difficult>
			<bndbox>
				<xmin>700</xmin>
				<ymin>245</ymin>
				<xmax>733</xmax>
				<ymax>282</ymax>
			</bndbox>
		</object>
		<object>
			<name>storage tank</name>
			<pose>Unspecified</pose>
			<truncated>0</truncated>
			<difficult>0</difficult>
			<bndbox>
				<xmin>735</xmin>
				<ymin>277</ymin>
				<xmax>770</xmax>
				<ymax>311</ymax>
			</bndbox>
		</object>
		<object>
			<name>storage tank</name>
			<pose>Unspecified</pose>
			<truncated>0</truncated>
			<difficult>0</difficult>
			<bndbox>
				<xmin>661</xmin>
				<ymin>296</ymin>
				<xmax>695</xmax>
				<ymax>329</ymax>
			</bndbox>
		</object>
		<object>
			<name>storage tank</name>
			<pose>Unspecified</pose>
			<truncated>0</truncated>
			<difficult>0</difficult>
			<bndbox>
				<xmin>424</xmin>
				<ymin>321</ymin>
				<xmax>456</xmax>
				<ymax>353</ymax>
			</bndbox>
		</object>
		<object>
			<name>storage tank</name>
			<pose>Unspecified</pose>
			<truncated>0</truncated>
			<difficult>0</difficult>
			<bndbox>
				<xmin>472</xmin>
				<ymin>320</ymin>
				<xmax>506</xmax>
				<ymax>353</ymax>
			</bndbox>
		</object>
		<object>
			<name>storage tank</name>
			<pose>Unspecified</pose>
			<truncated>0</truncated>
			<difficult>0</difficult>
			<bndbox>
				<xmin>537</xmin>
				<ymin>320</ymin>
				<xmax>570</xmax>
				<ymax>346</ymax>
			</bndbox>
		</object>
		<object>
			<name>storage tank</name>
			<pose>Unspecified</pose>
			<truncated>0</truncated>
			<difficult>0</difficult>
			<bndbox>
				<xmin>590</xmin>
				<ymin>320</ymin>
				<xmax>632</xmax>
				<ymax>352</ymax>
			</bndbox>
		</object>
		<object>
			<name>storage tank</name>
			<pose>Unspecified</pose>
			<truncated>0</truncated>
			<difficult>0</difficult>
			<bndbox>
				<xmin>145</xmin>
				<ymin>387</ymin>
				<xmax>172</xmax>
				<ymax>413</ymax>
			</bndbox>
		</object>
		<object>
			<name>storage tank</name>
			<pose>Unspecified</pose>
			<truncated>0</truncated>
			<difficult>0</difficult>
			<bndbox>
				<xmin>185</xmin>
				<ymin>386</ymin>
				<xmax>210</xmax>
				<ymax>412</ymax>
			</bndbox>
		</object>
		<object>
			<name>storage tank</name>
			<pose>Unspecified</pose>
			<truncated>0</truncated>
			<difficult>0</difficult>
			<bndbox>
				<xmin>232</xmin>
				<ymin>370</ymin>
				<xmax>257</xmax>
				<ymax>396</ymax>
			</bndbox>
		</object>
		<object>
			<name>storage tank</name>
			<pose>Unspecified</pose>
			<truncated>0</truncated>
			<difficult>0</difficult>
			<bndbox>
				<xmin>279</xmin>
				<ymin>365</ymin>
				<xmax>307</xmax>
				<ymax>391</ymax>
			</bndbox>
		</object>
		<object>
			<name>storage tank</name>
			<pose>Unspecified</pose>
			<truncated>0</truncated>
			<difficult>0</difficult>
			<bndbox>
				<xmin>322</xmin>
				<ymin>367</ymin>
				<xmax>347</xmax>
				<ymax>389</ymax>
			</bndbox>
		</object>
		<object>
			<name>storage tank</name>
			<pose>Unspecified</pose>
			<truncated>0</truncated>
			<difficult>0</difficult>
			<bndbox>
				<xmin>352</xmin>
				<ymin>367</ymin>
				<xmax>375</xmax>
				<ymax>390</ymax>
			</bndbox>
		</object>
		<object>
			<name>storage tank</name>
			<pose>Unspecified</pose>
			<truncated>0</truncated>
			<difficult>0</difficult>
			<bndbox>
				<xmin>279</xmin>
				<ymin>397</ymin>
				<xmax>306</xmax>
				<ymax>424</ymax>
			</bndbox>
		</object>
		<object>
			<name>storage tank</name>
			<pose>Unspecified</pose>
			<truncated>0</truncated>
			<difficult>0</difficult>
			<bndbox>
				<xmin>323</xmin>
				<ymin>397</ymin>
				<xmax>348</xmax>
				<ymax>420</ymax>
			</bndbox>
		</object>
		<object>
			<name>storage tank</name>
			<pose>Unspecified</pose>
			<truncated>0</truncated>
			<difficult>0</difficult>
			<bndbox>
				<xmin>352</xmin>
				<ymin>397</ymin>
				<xmax>376</xmax>
				<ymax>421</ymax>
			</bndbox>
		</object>
		<object>
			<name>storage tank</name>
			<pose>Unspecified</pose>
			<truncated>0</truncated>
			<difficult>0</difficult>
			<bndbox>
				<xmin>140</xmin>
				<ymin>458</ymin>
				<xmax>165</xmax>
				<ymax>483</ymax>
			</bndbox>
		</object>
		<object>
			<name>storage tank</name>
			<pose>Unspecified</pose>
			<truncated>0</truncated>
			<difficult>0</difficult>
			<bndbox>
				<xmin>174</xmin>
				<ymin>458</ymin>
				<xmax>200</xmax>
				<ymax>486</ymax>
			</bndbox>
		</object>
		<object>
			<name>storage tank</name>
			<pose>Unspecified</pose>
			<truncated>0</truncated>
			<difficult>0</difficult>
			<bndbox>
				<xmin>210</xmin>
				<ymin>458</ymin>
				<xmax>236</xmax>
				<ymax>484</ymax>
			</bndbox>
		</object>
		<object>
			<name>storage tank</name>
			<pose>Unspecified</pose>
			<truncated>0</truncated>
			<difficult>0</difficult>
			<bndbox>
				<xmin>262</xmin>
				<ymin>457</ymin>
				<xmax>300</xmax>
				<ymax>493</ymax>
			</bndbox>
		</object>
		<object>
			<name>storage tank</name>
			<pose>Unspecified</pose>
			<truncated>0</truncated>
			<difficult>0</difficult>
			<bndbox>
				<xmin>310</xmin>
				<ymin>454</ymin>
				<xmax>347</xmax>
				<ymax>492</ymax>
			</bndbox>
		</object>
		<object>
			<name>ship</name>
			<pose>Unspecified</pose>
			<truncated>0</truncated>
			<difficult>0</difficult>
			<bndbox>
				<xmin>481</xmin>
				<ymin>494</ymin>
				<xmax>570</xmax>
				<ymax>512</ymax>
			</bndbox>
		</object>
	</annotation>
