<?xml version="1.0" encoding="utf-8"?>
	<annotation>
		<folder>VOC2007</folder>
		<filename>330.jpg</filename>
		<size>
			<width>732</width>
			<height>554</height>
			<depth>3</depth>
		</size>
		<object>
			<name>tennis court</name>
			<pose>Unspecified</pose>
			<truncated>0</truncated>
			<difficult>0</difficult>
			<bndbox>
				<xmin>534</xmin>
				<ymin>92</ymin>
				<xmax>581</xmax>
				<ymax>131</ymax>
			</bndbox>
		</object>
		<object>
			<name>tennis court</name>
			<pose>Unspecified</pose>
			<truncated>0</truncated>
			<difficult>0</difficult>
			<bndbox>
				<xmin>562</xmin>
				<ymin>85</ymin>
				<xmax>607</xmax>
				<ymax>125</ymax>
			</bndbox>
		</object>
		<object>
			<name>tennis court</name>
			<pose>Unspecified</pose>
			<truncated>0</truncated>
			<difficult>0</difficult>
			<bndbox>
				<xmin>561</xmin>
				<ymin>139</ymin>
				<xmax>610</xmax>
				<ymax>177</ymax>
			</bndbox>
		</object>
		<object>
			<name>tennis court</name>
			<pose>Unspecified</pose>
			<truncated>0</truncated>
			<difficult>0</difficult>
			<bndbox>
				<xmin>588</xmin>
				<ymin>131</ymin>
				<xmax>634</xmax>
				<ymax>170</ymax>
			</bndbox>
		</object>
		<object>
			<name>tennis court</name>
			<pose>Unspecified</pose>
			<truncated>0</truncated>
			<difficult>0</difficult>
			<bndbox>
				<xmin>613</xmin>
				<ymin>121</ymin>
				<xmax>661</xmax>
				<ymax>163</ymax>
			</bndbox>
		</object>
		<object>
			<name>tennis court</name>
			<pose>Unspecified</pose>
			<truncated>0</truncated>
			<difficult>0</difficult>
			<bndbox>
				<xmin>639</xmin>
				<ymin>115</ymin>
				<xmax>688</xmax>
				<ymax>156</ymax>
			</bndbox>
		</object>
	</annotation>
