<?xml version="1.0" encoding="utf-8"?>
	<annotation>
		<folder>VOC2007</folder>
		<filename>340.jpg</filename>
		<size>
			<width>858</width>
			<height>507</height>
			<depth>3</depth>
		</size>
		<object>
			<name>tennis court</name>
			<pose>Unspecified</pose>
			<truncated>0</truncated>
			<difficult>0</difficult>
			<bndbox>
				<xmin>679</xmin>
				<ymin>242</ymin>
				<xmax>740</xmax>
				<ymax>308</ymax>
			</bndbox>
		</object>
		<object>
			<name>tennis court</name>
			<pose>Unspecified</pose>
			<truncated>0</truncated>
			<difficult>0</difficult>
			<bndbox>
				<xmin>723</xmin>
				<ymin>237</ymin>
				<xmax>783</xmax>
				<ymax>304</ymax>
			</bndbox>
		</object>
		<object>
			<name>baseball diamond</name>
			<pose>Unspecified</pose>
			<truncated>0</truncated>
			<difficult>0</difficult>
			<bndbox>
				<xmin>136</xmin>
				<ymin>419</ymin>
				<xmax>207</xmax>
				<ymax>479</ymax>
			</bndbox>
		</object>
	</annotation>
