<?xml version="1.0" encoding="utf-8"?>
	<annotation>
		<folder>VOC2007</folder>
		<filename>341.jpg</filename>
		<size>
			<width>852</width>
			<height>604</height>
			<depth>3</depth>
		</size>
		<object>
			<name>tennis court</name>
			<pose>Unspecified</pose>
			<truncated>0</truncated>
			<difficult>0</difficult>
			<bndbox>
				<xmin>523</xmin>
				<ymin>142</ymin>
				<xmax>576</xmax>
				<ymax>207</ymax>
			</bndbox>
		</object>
		<object>
			<name>tennis court</name>
			<pose>Unspecified</pose>
			<truncated>0</truncated>
			<difficult>0</difficult>
			<bndbox>
				<xmin>570</xmin>
				<ymin>155</ymin>
				<xmax>618</xmax>
				<ymax>218</ymax>
			</bndbox>
		</object>
		<object>
			<name>tennis court</name>
			<pose>Unspecified</pose>
			<truncated>0</truncated>
			<difficult>0</difficult>
			<bndbox>
				<xmin>612</xmin>
				<ymin>170</ymin>
				<xmax>660</xmax>
				<ymax>231</ymax>
			</bndbox>
		</object>
		<object>
			<name>tennis court</name>
			<pose>Unspecified</pose>
			<truncated>0</truncated>
			<difficult>0</difficult>
			<bndbox>
				<xmin>654</xmin>
				<ymin>180</ymin>
				<xmax>696</xmax>
				<ymax>244</ymax>
			</bndbox>
		</object>
		<object>
			<name>baseball diamond</name>
			<pose>Unspecified</pose>
			<truncated>0</truncated>
			<difficult>0</difficult>
			<bndbox>
				<xmin>99</xmin>
				<ymin>193</ymin>
				<xmax>244</xmax>
				<ymax>305</ymax>
			</bndbox>
		</object>
		<object>
			<name>baseball diamond</name>
			<pose>Unspecified</pose>
			<truncated>0</truncated>
			<difficult>0</difficult>
			<bndbox>
				<xmin>369</xmin>
				<ymin>142</ymin>
				<xmax>465</xmax>
				<ymax>220</ymax>
			</bndbox>
		</object>
	</annotation>
