<?xml version="1.0" encoding="utf-8"?>
	<annotation>
		<folder>VOC2007</folder>
		<filename>344.jpg</filename>
		<size>
			<width>1044</width>
			<height>610</height>
			<depth>3</depth>
		</size>
		<object>
			<name>tennis court</name>
			<pose>Unspecified</pose>
			<truncated>0</truncated>
			<difficult>0</difficult>
			<bndbox>
				<xmin>179</xmin>
				<ymin>480</ymin>
				<xmax>251</xmax>
				<ymax>534</ymax>
			</bndbox>
		</object>
		<object>
			<name>tennis court</name>
			<pose>Unspecified</pose>
			<truncated>0</truncated>
			<difficult>0</difficult>
			<bndbox>
				<xmin>209</xmin>
				<ymin>447</ymin>
				<xmax>278</xmax>
				<ymax>502</ymax>
			</bndbox>
		</object>
		<object>
			<name>tennis court</name>
			<pose>Unspecified</pose>
			<truncated>0</truncated>
			<difficult>0</difficult>
			<bndbox>
				<xmin>246</xmin>
				<ymin>532</ymin>
				<xmax>320</xmax>
				<ymax>594</ymax>
			</bndbox>
		</object>
		<object>
			<name>tennis court</name>
			<pose>Unspecified</pose>
			<truncated>0</truncated>
			<difficult>0</difficult>
			<bndbox>
				<xmin>279</xmin>
				<ymin>498</ymin>
				<xmax>350</xmax>
				<ymax>558</ymax>
			</bndbox>
		</object>
		<object>
			<name>tennis court</name>
			<pose>Unspecified</pose>
			<truncated>0</truncated>
			<difficult>0</difficult>
			<bndbox>
				<xmin>332</xmin>
				<ymin>28</ymin>
				<xmax>387</xmax>
				<ymax>65</ymax>
			</bndbox>
		</object>
		<object>
			<name>tennis court</name>
			<pose>Unspecified</pose>
			<truncated>0</truncated>
			<difficult>0</difficult>
			<bndbox>
				<xmin>355</xmin>
				<ymin>12</ymin>
				<xmax>411</xmax>
				<ymax>46</ymax>
			</bndbox>
		</object>
		<object>
			<name>basketball court</name>
			<pose>Unspecified</pose>
			<truncated>0</truncated>
			<difficult>0</difficult>
			<bndbox>
				<xmin>356</xmin>
				<ymin>445</ymin>
				<xmax>440</xmax>
				<ymax>511</ymax>
			</bndbox>
		</object>
		<object>
			<name>basketball court</name>
			<pose>Unspecified</pose>
			<truncated>0</truncated>
			<difficult>0</difficult>
			<bndbox>
				<xmin>386</xmin>
				<ymin>409</ymin>
				<xmax>468</xmax>
				<ymax>477</ymax>
			</bndbox>
		</object>
		<object>
			<name>basketball court</name>
			<pose>Unspecified</pose>
			<truncated>0</truncated>
			<difficult>0</difficult>
			<bndbox>
				<xmin>416</xmin>
				<ymin>377</ymin>
				<xmax>497</xmax>
				<ymax>443</ymax>
			</bndbox>
		</object>
		<object>
			<name>baseball diamond</name>
			<pose>Unspecified</pose>
			<truncated>0</truncated>
			<difficult>0</difficult>
			<bndbox>
				<xmin>513</xmin>
				<ymin>57</ymin>
				<xmax>605</xmax>
				<ymax>123</ymax>
			</bndbox>
		</object>
	</annotation>
