<?xml version="1.0" encoding="utf-8"?>
	<annotation>
		<folder>VOC2007</folder>
		<filename>351.jpg</filename>
		<size>
			<width>853</width>
			<height>565</height>
			<depth>3</depth>
		</size>
		<object>
			<name>tennis court</name>
			<pose>Unspecified</pose>
			<truncated>0</truncated>
			<difficult>0</difficult>
			<bndbox>
				<xmin>365</xmin>
				<ymin>232</ymin>
				<xmax>425</xmax>
				<ymax>306</ymax>
			</bndbox>
		</object>
		<object>
			<name>tennis court</name>
			<pose>Unspecified</pose>
			<truncated>0</truncated>
			<difficult>0</difficult>
			<bndbox>
				<xmin>413</xmin>
				<ymin>223</ymin>
				<xmax>475</xmax>
				<ymax>295</ymax>
			</bndbox>
		</object>
	</annotation>
