<?xml version="1.0" encoding="utf-8"?>
	<annotation>
		<folder>VOC2007</folder>
		<filename>353.jpg</filename>
		<size>
			<width>971</width>
			<height>569</height>
			<depth>3</depth>
		</size>
		<object>
			<name>tennis court</name>
			<pose>Unspecified</pose>
			<truncated>0</truncated>
			<difficult>0</difficult>
			<bndbox>
				<xmin>385</xmin>
				<ymin>373</ymin>
				<xmax>464</xmax>
				<ymax>463</ymax>
			</bndbox>
		</object>
		<object>
			<name>tennis court</name>
			<pose>Unspecified</pose>
			<truncated>0</truncated>
			<difficult>0</difficult>
			<bndbox>
				<xmin>440</xmin>
				<ymin>396</ymin>
				<xmax>507</xmax>
				<ymax>483</ymax>
			</bndbox>
		</object>
		<object>
			<name>tennis court</name>
			<pose>Unspecified</pose>
			<truncated>0</truncated>
			<difficult>0</difficult>
			<bndbox>
				<xmin>490</xmin>
				<ymin>420</ymin>
				<xmax>575</xmax>
				<ymax>510</ymax>
			</bndbox>
		</object>
		<object>
			<name>tennis court</name>
			<pose>Unspecified</pose>
			<truncated>0</truncated>
			<difficult>0</difficult>
			<bndbox>
				<xmin>545</xmin>
				<ymin>442</ymin>
				<xmax>626</xmax>
				<ymax>529</ymax>
			</bndbox>
		</object>
	</annotation>
