<?xml version="1.0" encoding="utf-8"?>
	<annotation>
		<folder>VOC2007</folder>
		<filename>361.jpg</filename>
		<size>
			<width>737</width>
			<height>564</height>
			<depth>3</depth>
		</size>
		<object>
			<name>tennis court</name>
			<pose>Unspecified</pose>
			<truncated>0</truncated>
			<difficult>0</difficult>
			<bndbox>
				<xmin>303</xmin>
				<ymin>151</ymin>
				<xmax>385</xmax>
				<ymax>206</ymax>
			</bndbox>
		</object>
		<object>
			<name>tennis court</name>
			<pose>Unspecified</pose>
			<truncated>0</truncated>
			<difficult>0</difficult>
			<bndbox>
				<xmin>281</xmin>
				<ymin>189</ymin>
				<xmax>369</xmax>
				<ymax>240</ymax>
			</bndbox>
		</object>
		<object>
			<name>basketball court</name>
			<pose>Unspecified</pose>
			<truncated>0</truncated>
			<difficult>0</difficult>
			<bndbox>
				<xmin>400</xmin>
				<ymin>188</ymin>
				<xmax>459</xmax>
				<ymax>260</ymax>
			</bndbox>
		</object>
		<object>
			<name>basketball court</name>
			<pose>Unspecified</pose>
			<truncated>0</truncated>
			<difficult>0</difficult>
			<bndbox>
				<xmin>455</xmin>
				<ymin>203</ymin>
				<xmax>522</xmax>
				<ymax>276</ymax>
			</bndbox>
		</object>
		<object>
			<name>baseball diamond</name>
			<pose>Unspecified</pose>
			<truncated>0</truncated>
			<difficult>0</difficult>
			<bndbox>
				<xmin>189</xmin>
				<ymin>264</ymin>
				<xmax>353</xmax>
				<ymax>389</ymax>
			</bndbox>
		</object>
	</annotation>
