<?xml version="1.0" encoding="utf-8"?>
	<annotation>
		<folder>VOC2007</folder>
		<filename>363.jpg</filename>
		<size>
			<width>1000</width>
			<height>642</height>
			<depth>3</depth>
		</size>
		<object>
			<name>tennis court</name>
			<pose>Unspecified</pose>
			<truncated>0</truncated>
			<difficult>0</difficult>
			<bndbox>
				<xmin>453</xmin>
				<ymin>197</ymin>
				<xmax>492</xmax>
				<ymax>270</ymax>
			</bndbox>
		</object>
		<object>
			<name>tennis court</name>
			<pose>Unspecified</pose>
			<truncated>0</truncated>
			<difficult>0</difficult>
			<bndbox>
				<xmin>500</xmin>
				<ymin>205</ymin>
				<xmax>543</xmax>
				<ymax>274</ymax>
			</bndbox>
		</object>
		<object>
			<name>tennis court</name>
			<pose>Unspecified</pose>
			<truncated>0</truncated>
			<difficult>0</difficult>
			<bndbox>
				<xmin>546</xmin>
				<ymin>209</ymin>
				<xmax>589</xmax>
				<ymax>280</ymax>
			</bndbox>
		</object>
		<object>
			<name>tennis court</name>
			<pose>Unspecified</pose>
			<truncated>0</truncated>
			<difficult>0</difficult>
			<bndbox>
				<xmin>595</xmin>
				<ymin>211</ymin>
				<xmax>637</xmax>
				<ymax>283</ymax>
			</bndbox>
		</object>
	</annotation>
