<?xml version="1.0" encoding="utf-8"?>
	<annotation>
		<folder>VOC2007</folder>
		<filename>367.jpg</filename>
		<size>
			<width>886</width>
			<height>576</height>
			<depth>3</depth>
		</size>
		<object>
			<name>tennis court</name>
			<pose>Unspecified</pose>
			<truncated>0</truncated>
			<difficult>0</difficult>
			<bndbox>
				<xmin>395</xmin>
				<ymin>245</ymin>
				<xmax>474</xmax>
				<ymax>317</ymax>
			</bndbox>
		</object>
		<object>
			<name>tennis court</name>
			<pose>Unspecified</pose>
			<truncated>0</truncated>
			<difficult>0</difficult>
			<bndbox>
				<xmin>431</xmin>
				<ymin>221</ymin>
				<xmax>515</xmax>
				<ymax>287</ymax>
			</bndbox>
		</object>
		<object>
			<name>tennis court</name>
			<pose>Unspecified</pose>
			<truncated>0</truncated>
			<difficult>0</difficult>
			<bndbox>
				<xmin>469</xmin>
				<ymin>197</ymin>
				<xmax>551</xmax>
				<ymax>262</ymax>
			</bndbox>
		</object>
	</annotation>
