<?xml version="1.0" encoding="utf-8"?>
	<annotation>
		<folder>VOC2007</folder>
		<filename>368.jpg</filename>
		<size>
			<width>839</width>
			<height>576</height>
			<depth>3</depth>
		</size>
		<object>
			<name>tennis court</name>
			<pose>Unspecified</pose>
			<truncated>0</truncated>
			<difficult>0</difficult>
			<bndbox>
				<xmin>73</xmin>
				<ymin>193</ymin>
				<xmax>185</xmax>
				<ymax>236</ymax>
			</bndbox>
		</object>
		<object>
			<name>tennis court</name>
			<pose>Unspecified</pose>
			<truncated>0</truncated>
			<difficult>0</difficult>
			<bndbox>
				<xmin>70</xmin>
				<ymin>238</ymin>
				<xmax>185</xmax>
				<ymax>283</ymax>
			</bndbox>
		</object>
		<object>
			<name>tennis court</name>
			<pose>Unspecified</pose>
			<truncated>0</truncated>
			<difficult>0</difficult>
			<bndbox>
				<xmin>67</xmin>
				<ymin>287</ymin>
				<xmax>182</xmax>
				<ymax>336</ymax>
			</bndbox>
		</object>
		<object>
			<name>tennis court</name>
			<pose>Unspecified</pose>
			<truncated>0</truncated>
			<difficult>0</difficult>
			<bndbox>
				<xmin>65</xmin>
				<ymin>338</ymin>
				<xmax>182</xmax>
				<ymax>388</ymax>
			</bndbox>
		</object>
	</annotation>
