<?xml version="1.0" encoding="utf-8"?>
	<annotation>
		<folder>VOC2007</folder>
		<filename>369.jpg</filename>
		<size>
			<width>973</width>
			<height>649</height>
			<depth>3</depth>
		</size>
		<object>
			<name>vehicle</name>
			<pose>Unspecified</pose>
			<truncated>0</truncated>
			<difficult>0</difficult>
			<bndbox>
				<xmin>861</xmin>
				<ymin>230</ymin>
				<xmax>917</xmax>
				<ymax>286</ymax>
			</bndbox>
		</object>
		<object>
			<name>vehicle</name>
			<pose>Unspecified</pose>
			<truncated>0</truncated>
			<difficult>0</difficult>
			<bndbox>
				<xmin>827</xmin>
				<ymin>256</ymin>
				<xmax>888</xmax>
				<ymax>315</ymax>
			</bndbox>
		</object>
		<object>
			<name>vehicle</name>
			<pose>Unspecified</pose>
			<truncated>0</truncated>
			<difficult>0</difficult>
			<bndbox>
				<xmin>724</xmin>
				<ymin>323</ymin>
				<xmax>773</xmax>
				<ymax>384</ymax>
			</bndbox>
		</object>
	</annotation>
