<?xml version="1.0" encoding="utf-8"?>
	<annotation>
		<folder>VOC2007</folder>
		<filename>372.jpg</filename>
		<size>
			<width>992</width>
			<height>724</height>
			<depth>3</depth>
		</size>
		<object>
			<name>vehicle</name>
			<pose>Unspecified</pose>
			<truncated>0</truncated>
			<difficult>0</difficult>
			<bndbox>
				<xmin>599</xmin>
				<ymin>50</ymin>
				<xmax>673</xmax>
				<ymax>89</ymax>
			</bndbox>
		</object>
		<object>
			<name>vehicle</name>
			<pose>Unspecified</pose>
			<truncated>0</truncated>
			<difficult>0</difficult>
			<bndbox>
				<xmin>151</xmin>
				<ymin>627</ymin>
				<xmax>202</xmax>
				<ymax>697</ymax>
			</bndbox>
		</object>
		<object>
			<name>vehicle</name>
			<pose>Unspecified</pose>
			<truncated>0</truncated>
			<difficult>0</difficult>
			<bndbox>
				<xmin>549</xmin>
				<ymin>59</ymin>
				<xmax>606</xmax>
				<ymax>101</ymax>
			</bndbox>
		</object>
	</annotation>
