<?xml version="1.0" encoding="utf-8"?>
	<annotation>
		<folder>VOC2007</folder>
		<filename>381.jpg</filename>
		<size>
			<width>953</width>
			<height>723</height>
			<depth>3</depth>
		</size>
		<object>
			<name>vehicle</name>
			<pose>Unspecified</pose>
			<truncated>0</truncated>
			<difficult>0</difficult>
			<bndbox>
				<xmin>834</xmin>
				<ymin>417</ymin>
				<xmax>908</xmax>
				<ymax>477</ymax>
			</bndbox>
		</object>
		<object>
			<name>vehicle</name>
			<pose>Unspecified</pose>
			<truncated>0</truncated>
			<difficult>0</difficult>
			<bndbox>
				<xmin>132</xmin>
				<ymin>95</ymin>
				<xmax>214</xmax>
				<ymax>177</ymax>
			</bndbox>
		</object>
	</annotation>
