<?xml version="1.0" encoding="utf-8"?>
	<annotation>
		<folder>VOC2007</folder>
		<filename>383.jpg</filename>
		<size>
			<width>955</width>
			<height>672</height>
			<depth>3</depth>
		</size>
		<object>
			<name>vehicle</name>
			<pose>Unspecified</pose>
			<truncated>0</truncated>
			<difficult>0</difficult>
			<bndbox>
				<xmin>488</xmin>
				<ymin>284</ymin>
				<xmax>532</xmax>
				<ymax>342</ymax>
			</bndbox>
		</object>
		<object>
			<name>vehicle</name>
			<pose>Unspecified</pose>
			<truncated>0</truncated>
			<difficult>0</difficult>
			<bndbox>
				<xmin>428</xmin>
				<ymin>569</ymin>
				<xmax>497</xmax>
				<ymax>610</ymax>
			</bndbox>
		</object>
	</annotation>
