<?xml version="1.0" encoding="utf-8"?>
	<annotation>
		<folder>VOC2007</folder>
		<filename>384.jpg</filename>
		<size>
			<width>978</width>
			<height>720</height>
			<depth>3</depth>
		</size>
		<object>
			<name>vehicle</name>
			<pose>Unspecified</pose>
			<truncated>0</truncated>
			<difficult>0</difficult>
			<bndbox>
				<xmin>324</xmin>
				<ymin>50</ymin>
				<xmax>374</xmax>
				<ymax>106</ymax>
			</bndbox>
		</object>
		<object>
			<name>vehicle</name>
			<pose>Unspecified</pose>
			<truncated>0</truncated>
			<difficult>0</difficult>
			<bndbox>
				<xmin>354</xmin>
				<ymin>660</ymin>
				<xmax>420</xmax>
				<ymax>698</ymax>
			</bndbox>
		</object>
	</annotation>
