<?xml version="1.0" encoding="utf-8"?>
	<annotation>
		<folder>VOC2007</folder>
		<filename>391.jpg</filename>
		<size>
			<width>970</width>
			<height>637</height>
			<depth>3</depth>
		</size>
		<object>
			<name>vehicle</name>
			<pose>Unspecified</pose>
			<truncated>0</truncated>
			<difficult>0</difficult>
			<bndbox>
				<xmin>331</xmin>
				<ymin>68</ymin>
				<xmax>373</xmax>
				<ymax>128</ymax>
			</bndbox>
		</object>
		<object>
			<name>vehicle</name>
			<pose>Unspecified</pose>
			<truncated>0</truncated>
			<difficult>0</difficult>
			<bndbox>
				<xmin>437</xmin>
				<ymin>322</ymin>
				<xmax>481</xmax>
				<ymax>390</ymax>
			</bndbox>
		</object>
		<object>
			<name>vehicle</name>
			<pose>Unspecified</pose>
			<truncated>0</truncated>
			<difficult>0</difficult>
			<bndbox>
				<xmin>514</xmin>
				<ymin>503</ymin>
				<xmax>557</xmax>
				<ymax>573</ymax>
			</bndbox>
		</object>
		<object>
			<name>vehicle</name>
			<pose>Unspecified</pose>
			<truncated>0</truncated>
			<difficult>0</difficult>
			<bndbox>
				<xmin>895</xmin>
				<ymin>54</ymin>
				<xmax>958</xmax>
				<ymax>96</ymax>
			</bndbox>
		</object>
	</annotation>
