<?xml version="1.0" encoding="utf-8"?>
	<annotation>
		<folder>VOC2007</folder>
		<filename>406.jpg</filename>
		<size>
			<width>888</width>
			<height>699</height>
			<depth>3</depth>
		</size>
		<object>
			<name>vehicle</name>
			<pose>Unspecified</pose>
			<truncated>0</truncated>
			<difficult>0</difficult>
			<bndbox>
				<xmin>294</xmin>
				<ymin>40</ymin>
				<xmax>340</xmax>
				<ymax>98</ymax>
			</bndbox>
		</object>
		<object>
			<name>vehicle</name>
			<pose>Unspecified</pose>
			<truncated>0</truncated>
			<difficult>0</difficult>
			<bndbox>
				<xmin>213</xmin>
				<ymin>170</ymin>
				<xmax>260</xmax>
				<ymax>231</ymax>
			</bndbox>
		</object>
		<object>
			<name>vehicle</name>
			<pose>Unspecified</pose>
			<truncated>0</truncated>
			<difficult>0</difficult>
			<bndbox>
				<xmin>457</xmin>
				<ymin>524</ymin>
				<xmax>537</xmax>
				<ymax>590</ymax>
			</bndbox>
		</object>
	</annotation>
