<?xml version="1.0" encoding="utf-8"?>
	<annotation>
		<folder>VOC2007</folder>
		<filename>407.jpg</filename>
		<size>
			<width>820</width>
			<height>673</height>
			<depth>3</depth>
		</size>
		<object>
			<name>vehicle</name>
			<pose>Unspecified</pose>
			<truncated>0</truncated>
			<difficult>0</difficult>
			<bndbox>
				<xmin>340</xmin>
				<ymin>54</ymin>
				<xmax>372</xmax>
				<ymax>128</ymax>
			</bndbox>
		</object>
		<object>
			<name>vehicle</name>
			<pose>Unspecified</pose>
			<truncated>0</truncated>
			<difficult>0</difficult>
			<bndbox>
				<xmin>325</xmin>
				<ymin>405</ymin>
				<xmax>367</xmax>
				<ymax>496</ymax>
			</bndbox>
		</object>
	</annotation>
