<?xml version="1.0" encoding="utf-8"?>
	<annotation>
		<folder>VOC2007</folder>
		<filename>408.jpg</filename>
		<size>
			<width>974</width>
			<height>657</height>
			<depth>3</depth>
		</size>
		<object>
			<name>vehicle</name>
			<pose>Unspecified</pose>
			<truncated>0</truncated>
			<difficult>0</difficult>
			<bndbox>
				<xmin>406</xmin>
				<ymin>124</ymin>
				<xmax>442</xmax>
				<ymax>189</ymax>
			</bndbox>
		</object>
		<object>
			<name>vehicle</name>
			<pose>Unspecified</pose>
			<truncated>0</truncated>
			<difficult>0</difficult>
			<bndbox>
				<xmin>447</xmin>
				<ymin>127</ymin>
				<xmax>481</xmax>
				<ymax>186</ymax>
			</bndbox>
		</object>
	</annotation>
