<?xml version="1.0" encoding="utf-8"?>
	<annotation>
		<folder>VOC2007</folder>
		<filename>410.jpg</filename>
		<size>
			<width>949</width>
			<height>617</height>
			<depth>3</depth>
		</size>
		<object>
			<name>vehicle</name>
			<pose>Unspecified</pose>
			<truncated>0</truncated>
			<difficult>0</difficult>
			<bndbox>
				<xmin>339</xmin>
				<ymin>392</ymin>
				<xmax>415</xmax>
				<ymax>458</ymax>
			</bndbox>
		</object>
		<object>
			<name>vehicle</name>
			<pose>Unspecified</pose>
			<truncated>0</truncated>
			<difficult>0</difficult>
			<bndbox>
				<xmin>518</xmin>
				<ymin>533</ymin>
				<xmax>586</xmax>
				<ymax>599</ymax>
			</bndbox>
		</object>
	</annotation>
