<?xml version="1.0" encoding="utf-8"?>
	<annotation>
		<folder>VOC2007</folder>
		<filename>413.jpg</filename>
		<size>
			<width>938</width>
			<height>677</height>
			<depth>3</depth>
		</size>
		<object>
			<name>vehicle</name>
			<pose>Unspecified</pose>
			<truncated>0</truncated>
			<difficult>0</difficult>
			<bndbox>
				<xmin>595</xmin>
				<ymin>270</ymin>
				<xmax>650</xmax>
				<ymax>332</ymax>
			</bndbox>
		</object>
		<object>
			<name>vehicle</name>
			<pose>Unspecified</pose>
			<truncated>0</truncated>
			<difficult>0</difficult>
			<bndbox>
				<xmin>747</xmin>
				<ymin>232</ymin>
				<xmax>794</xmax>
				<ymax>287</ymax>
			</bndbox>
		</object>
		<object>
			<name>vehicle</name>
			<pose>Unspecified</pose>
			<truncated>0</truncated>
			<difficult>0</difficult>
			<bndbox>
				<xmin>700</xmin>
				<ymin>360</ymin>
				<xmax>769</xmax>
				<ymax>410</ymax>
			</bndbox>
		</object>
		<object>
			<name>vehicle</name>
			<pose>Unspecified</pose>
			<truncated>0</truncated>
			<difficult>0</difficult>
			<bndbox>
				<xmin>786</xmin>
				<ymin>336</ymin>
				<xmax>850</xmax>
				<ymax>392</ymax>
			</bndbox>
		</object>
		<object>
			<name>vehicle</name>
			<pose>Unspecified</pose>
			<truncated>0</truncated>
			<difficult>0</difficult>
			<bndbox>
				<xmin>860</xmin>
				<ymin>316</ymin>
				<xmax>917</xmax>
				<ymax>364</ymax>
			</bndbox>
		</object>
	</annotation>
