<?xml version="1.0" encoding="utf-8"?>
	<annotation>
		<folder>VOC2007</folder>
		<filename>418.jpg</filename>
		<size>
			<width>948</width>
			<height>694</height>
			<depth>3</depth>
		</size>
		<object>
			<name>vehicle</name>
			<pose>Unspecified</pose>
			<truncated>0</truncated>
			<difficult>0</difficult>
			<bndbox>
				<xmin>136</xmin>
				<ymin>376</ymin>
				<xmax>179</xmax>
				<ymax>442</ymax>
			</bndbox>
		</object>
		<object>
			<name>vehicle</name>
			<pose>Unspecified</pose>
			<truncated>0</truncated>
			<difficult>0</difficult>
			<bndbox>
				<xmin>336</xmin>
				<ymin>480</ymin>
				<xmax>381</xmax>
				<ymax>549</ymax>
			</bndbox>
		</object>
		<object>
			<name>vehicle</name>
			<pose>Unspecified</pose>
			<truncated>0</truncated>
			<difficult>0</difficult>
			<bndbox>
				<xmin>630</xmin>
				<ymin>399</ymin>
				<xmax>672</xmax>
				<ymax>458</ymax>
			</bndbox>
		</object>
		<object>
			<name>vehicle</name>
			<pose>Unspecified</pose>
			<truncated>0</truncated>
			<difficult>0</difficult>
			<bndbox>
				<xmin>661</xmin>
				<ymin>389</ymin>
				<xmax>704</xmax>
				<ymax>452</ymax>
			</bndbox>
		</object>
		<object>
			<name>vehicle</name>
			<pose>Unspecified</pose>
			<truncated>0</truncated>
			<difficult>0</difficult>
			<bndbox>
				<xmin>730</xmin>
				<ymin>367</ymin>
				<xmax>770</xmax>
				<ymax>429</ymax>
			</bndbox>
		</object>
		<object>
			<name>vehicle</name>
			<pose>Unspecified</pose>
			<truncated>0</truncated>
			<difficult>0</difficult>
			<bndbox>
				<xmin>768</xmin>
				<ymin>357</ymin>
				<xmax>809</xmax>
				<ymax>419</ymax>
			</bndbox>
		</object>
		<object>
			<name>vehicle</name>
			<pose>Unspecified</pose>
			<truncated>0</truncated>
			<difficult>0</difficult>
			<bndbox>
				<xmin>588</xmin>
				<ymin>410</ymin>
				<xmax>630</xmax>
				<ymax>460</ymax>
			</bndbox>
		</object>
	</annotation>
