<?xml version="1.0" encoding="utf-8"?>
	<annotation>
		<folder>VOC2007</folder>
		<filename>420.jpg</filename>
		<size>
			<width>911</width>
			<height>708</height>
			<depth>3</depth>
		</size>
		<object>
			<name>vehicle</name>
			<pose>Unspecified</pose>
			<truncated>0</truncated>
			<difficult>0</difficult>
			<bndbox>
				<xmin>658</xmin>
				<ymin>108</ymin>
				<xmax>732</xmax>
				<ymax>169</ymax>
			</bndbox>
		</object>
		<object>
			<name>vehicle</name>
			<pose>Unspecified</pose>
			<truncated>0</truncated>
			<difficult>0</difficult>
			<bndbox>
				<xmin>615</xmin>
				<ymin>208</ymin>
				<xmax>674</xmax>
				<ymax>251</ymax>
			</bndbox>
		</object>
		<object>
			<name>vehicle</name>
			<pose>Unspecified</pose>
			<truncated>0</truncated>
			<difficult>0</difficult>
			<bndbox>
				<xmin>635</xmin>
				<ymin>517</ymin>
				<xmax>684</xmax>
				<ymax>594</ymax>
			</bndbox>
		</object>
		<object>
			<name>vehicle</name>
			<pose>Unspecified</pose>
			<truncated>0</truncated>
			<difficult>0</difficult>
			<bndbox>
				<xmin>701</xmin>
				<ymin>586</ymin>
				<xmax>755</xmax>
				<ymax>645</ymax>
			</bndbox>
		</object>
		<object>
			<name>vehicle</name>
			<pose>Unspecified</pose>
			<truncated>0</truncated>
			<difficult>0</difficult>
			<bndbox>
				<xmin>671</xmin>
				<ymin>662</ymin>
				<xmax>736</xmax>
				<ymax>693</ymax>
			</bndbox>
		</object>
		<object>
			<name>vehicle</name>
			<pose>Unspecified</pose>
			<truncated>0</truncated>
			<difficult>0</difficult>
			<bndbox>
				<xmin>845</xmin>
				<ymin>640</ymin>
				<xmax>908</xmax>
				<ymax>685</ymax>
			</bndbox>
		</object>
	</annotation>
