<?xml version="1.0" encoding="utf-8"?>
	<annotation>
		<folder>VOC2007</folder>
		<filename>432.jpg</filename>
		<size>
			<width>1072</width>
			<height>710</height>
			<depth>3</depth>
		</size>
		<object>
			<name>vehicle</name>
			<pose>Unspecified</pose>
			<truncated>0</truncated>
			<difficult>0</difficult>
			<bndbox>
				<xmin>718</xmin>
				<ymin>293</ymin>
				<xmax>751</xmax>
				<ymax>346</ymax>
			</bndbox>
		</object>
		<object>
			<name>vehicle</name>
			<pose>Unspecified</pose>
			<truncated>0</truncated>
			<difficult>0</difficult>
			<bndbox>
				<xmin>781</xmin>
				<ymin>271</ymin>
				<xmax>815</xmax>
				<ymax>332</ymax>
			</bndbox>
		</object>
		<object>
			<name>vehicle</name>
			<pose>Unspecified</pose>
			<truncated>0</truncated>
			<difficult>0</difficult>
			<bndbox>
				<xmin>970</xmin>
				<ymin>235</ymin>
				<xmax>1006</xmax>
				<ymax>288</ymax>
			</bndbox>
		</object>
	</annotation>
