<?xml version="1.0" encoding="utf-8"?>
	<annotation>
		<folder>VOC2007</folder>
		<filename>443.jpg</filename>
		<size>
			<width>1083</width>
			<height>700</height>
			<depth>3</depth>
		</size>
		<object>
			<name>vehicle</name>
			<pose>Unspecified</pose>
			<truncated>0</truncated>
			<difficult>0</difficult>
			<bndbox>
				<xmin>110</xmin>
				<ymin>179</ymin>
				<xmax>152</xmax>
				<ymax>205</ymax>
			</bndbox>
		</object>
		<object>
			<name>vehicle</name>
			<pose>Unspecified</pose>
			<truncated>0</truncated>
			<difficult>0</difficult>
			<bndbox>
				<xmin>274</xmin>
				<ymin>209</ymin>
				<xmax>322</xmax>
				<ymax>242</ymax>
			</bndbox>
		</object>
		<object>
			<name>vehicle</name>
			<pose>Unspecified</pose>
			<truncated>0</truncated>
			<difficult>0</difficult>
			<bndbox>
				<xmin>716</xmin>
				<ymin>591</ymin>
				<xmax>776</xmax>
				<ymax>632</ymax>
			</bndbox>
		</object>
		<object>
			<name>vehicle</name>
			<pose>Unspecified</pose>
			<truncated>0</truncated>
			<difficult>0</difficult>
			<bndbox>
				<xmin>871</xmin>
				<ymin>119</ymin>
				<xmax>930</xmax>
				<ymax>158</ymax>
			</bndbox>
		</object>
		<object>
			<name>vehicle</name>
			<pose>Unspecified</pose>
			<truncated>0</truncated>
			<difficult>0</difficult>
			<bndbox>
				<xmin>1028</xmin>
				<ymin>68</ymin>
				<xmax>1055</xmax>
				<ymax>116</ymax>
			</bndbox>
		</object>
		<object>
			<name>vehicle</name>
			<pose>Unspecified</pose>
			<truncated>0</truncated>
			<difficult>0</difficult>
			<bndbox>
				<xmin>991</xmin>
				<ymin>177</ymin>
				<xmax>1018</xmax>
				<ymax>230</ymax>
			</bndbox>
		</object>
	</annotation>
