<?xml version="1.0" encoding="utf-8"?>
	<annotation>
		<folder>VOC2007</folder>
		<filename>451.jpg</filename>
		<size>
			<width>1015</width>
			<height>698</height>
			<depth>3</depth>
		</size>
		<object>
			<name>vehicle</name>
			<pose>Unspecified</pose>
			<truncated>0</truncated>
			<difficult>0</difficult>
			<bndbox>
				<xmin>547</xmin>
				<ymin>152</ymin>
				<xmax>577</xmax>
				<ymax>211</ymax>
			</bndbox>
		</object>
		<object>
			<name>vehicle</name>
			<pose>Unspecified</pose>
			<truncated>0</truncated>
			<difficult>0</difficult>
			<bndbox>
				<xmin>555</xmin>
				<ymin>469</ymin>
				<xmax>588</xmax>
				<ymax>532</ymax>
			</bndbox>
		</object>
		<object>
			<name>vehicle</name>
			<pose>Unspecified</pose>
			<truncated>0</truncated>
			<difficult>0</difficult>
			<bndbox>
				<xmin>645</xmin>
				<ymin>631</ymin>
				<xmax>699</xmax>
				<ymax>666</ymax>
			</bndbox>
		</object>
		<object>
			<name>vehicle</name>
			<pose>Unspecified</pose>
			<truncated>0</truncated>
			<difficult>0</difficult>
			<bndbox>
				<xmin>489</xmin>
				<ymin>122</ymin>
				<xmax>518</xmax>
				<ymax>173</ymax>
			</bndbox>
		</object>
		<object>
			<name>vehicle</name>
			<pose>Unspecified</pose>
			<truncated>0</truncated>
			<difficult>0</difficult>
			<bndbox>
				<xmin>482</xmin>
				<ymin>340</ymin>
				<xmax>515</xmax>
				<ymax>396</ymax>
			</bndbox>
		</object>
	</annotation>
