<?xml version="1.0" encoding="utf-8"?>
	<annotation>
		<folder>VOC2007</folder>
		<filename>452.jpg</filename>
		<size>
			<width>1016</width>
			<height>667</height>
			<depth>3</depth>
		</size>
		<object>
			<name>vehicle</name>
			<pose>Unspecified</pose>
			<truncated>0</truncated>
			<difficult>0</difficult>
			<bndbox>
				<xmin>918</xmin>
				<ymin>169</ymin>
				<xmax>959</xmax>
				<ymax>221</ymax>
			</bndbox>
		</object>
		<object>
			<name>vehicle</name>
			<pose>Unspecified</pose>
			<truncated>0</truncated>
			<difficult>0</difficult>
			<bndbox>
				<xmin>817</xmin>
				<ymin>345</ymin>
				<xmax>851</xmax>
				<ymax>392</ymax>
			</bndbox>
		</object>
		<object>
			<name>vehicle</name>
			<pose>Unspecified</pose>
			<truncated>0</truncated>
			<difficult>0</difficult>
			<bndbox>
				<xmin>775</xmin>
				<ymin>418</ymin>
				<xmax>811</xmax>
				<ymax>463</ymax>
			</bndbox>
		</object>
		<object>
			<name>vehicle</name>
			<pose>Unspecified</pose>
			<truncated>0</truncated>
			<difficult>0</difficult>
			<bndbox>
				<xmin>925</xmin>
				<ymin>223</ymin>
				<xmax>955</xmax>
				<ymax>271</ymax>
			</bndbox>
		</object>
		<object>
			<name>vehicle</name>
			<pose>Unspecified</pose>
			<truncated>0</truncated>
			<difficult>0</difficult>
			<bndbox>
				<xmin>717</xmin>
				<ymin>482</ymin>
				<xmax>767</xmax>
				<ymax>545</ymax>
			</bndbox>
		</object>
	</annotation>
