<?xml version="1.0" encoding="utf-8"?>
	<annotation>
		<folder>VOC2007</folder>
		<filename>464.jpg</filename>
		<size>
			<width>885</width>
			<height>533</height>
			<depth>3</depth>
		</size>
		<object>
			<name>baseball diamond</name>
			<pose>Unspecified</pose>
			<truncated>0</truncated>
			<difficult>0</difficult>
			<bndbox>
				<xmin>146</xmin>
				<ymin>164</ymin>
				<xmax>218</xmax>
				<ymax>220</ymax>
			</bndbox>
		</object>
		<object>
			<name>baseball diamond</name>
			<pose>Unspecified</pose>
			<truncated>0</truncated>
			<difficult>0</difficult>
			<bndbox>
				<xmin>320</xmin>
				<ymin>41</ymin>
				<xmax>409</xmax>
				<ymax>104</ymax>
			</bndbox>
		</object>
		<object>
			<name>baseball diamond</name>
			<pose>Unspecified</pose>
			<truncated>0</truncated>
			<difficult>0</difficult>
			<bndbox>
				<xmin>307</xmin>
				<ymin>270</ymin>
				<xmax>406</xmax>
				<ymax>343</ymax>
			</bndbox>
		</object>
		<object>
			<name>ground track field</name>
			<pose>Unspecified</pose>
			<truncated>0</truncated>
			<difficult>0</difficult>
			<bndbox>
				<xmin>437</xmin>
				<ymin>71</ymin>
				<xmax>610</xmax>
				<ymax>352</ymax>
			</bndbox>
		</object>
	</annotation>
