<?xml version="1.0" encoding="utf-8"?>
	<annotation>
		<folder>VOC2007</folder>
		<filename>466.jpg</filename>
		<size>
			<width>881</width>
			<height>507</height>
			<depth>3</depth>
		</size>
		<object>
			<name>ground track field</name>
			<pose>Unspecified</pose>
			<truncated>0</truncated>
			<difficult>0</difficult>
			<bndbox>
				<xmin>357</xmin>
				<ymin>198</ymin>
				<xmax>635</xmax>
				<ymax>330</ymax>
			</bndbox>
		</object>
		<object>
			<name>baseball diamond</name>
			<pose>Unspecified</pose>
			<truncated>0</truncated>
			<difficult>0</difficult>
			<bndbox>
				<xmin>311</xmin>
				<ymin>75</ymin>
				<xmax>391</xmax>
				<ymax>131</ymax>
			</bndbox>
		</object>
		<object>
			<name>baseball diamond</name>
			<pose>Unspecified</pose>
			<truncated>0</truncated>
			<difficult>0</difficult>
			<bndbox>
				<xmin>184</xmin>
				<ymin>246</ymin>
				<xmax>250</xmax>
				<ymax>297</ymax>
			</bndbox>
		</object>
		<object>
			<name>baseball diamond</name>
			<pose>Unspecified</pose>
			<truncated>0</truncated>
			<difficult>0</difficult>
			<bndbox>
				<xmin>301</xmin>
				<ymin>362</ymin>
				<xmax>370</xmax>
				<ymax>427</ymax>
			</bndbox>
		</object>
		<object>
			<name>baseball diamond</name>
			<pose>Unspecified</pose>
			<truncated>0</truncated>
			<difficult>0</difficult>
			<bndbox>
				<xmin>82</xmin>
				<ymin>255</ymin>
				<xmax>133</xmax>
				<ymax>294</ymax>
			</bndbox>
		</object>
	</annotation>
