<?xml version="1.0" encoding="utf-8"?>
	<annotation>
		<folder>VOC2007</folder>
		<filename>471.jpg</filename>
		<size>
			<width>908</width>
			<height>556</height>
			<depth>3</depth>
		</size>
		<object>
			<name>baseball diamond</name>
			<pose>Unspecified</pose>
			<truncated>0</truncated>
			<difficult>0</difficult>
			<bndbox>
				<xmin>597</xmin>
				<ymin>346</ymin>
				<xmax>744</xmax>
				<ymax>454</ymax>
			</bndbox>
		</object>
		<object>
			<name>tennis court</name>
			<pose>Unspecified</pose>
			<truncated>0</truncated>
			<difficult>0</difficult>
			<bndbox>
				<xmin>101</xmin>
				<ymin>305</ymin>
				<xmax>151</xmax>
				<ymax>388</ymax>
			</bndbox>
		</object>
		<object>
			<name>tennis court</name>
			<pose>Unspecified</pose>
			<truncated>0</truncated>
			<difficult>0</difficult>
			<bndbox>
				<xmin>158</xmin>
				<ymin>301</ymin>
				<xmax>206</xmax>
				<ymax>376</ymax>
			</bndbox>
		</object>
		<object>
			<name>basketball court</name>
			<pose>Unspecified</pose>
			<truncated>0</truncated>
			<difficult>0</difficult>
			<bndbox>
				<xmin>106</xmin>
				<ymin>413</ymin>
				<xmax>173</xmax>
				<ymax>499</ymax>
			</bndbox>
		</object>
	</annotation>
