<?xml version="1.0" encoding="utf-8"?>
	<annotation>
		<folder>VOC2007</folder>
		<filename>481.jpg</filename>
		<size>
			<width>800</width>
			<height>574</height>
			<depth>3</depth>
		</size>
		<object>
			<name>baseball diamond</name>
			<pose>Unspecified</pose>
			<truncated>0</truncated>
			<difficult>0</difficult>
			<bndbox>
				<xmin>404</xmin>
				<ymin>96</ymin>
				<xmax>482</xmax>
				<ymax>154</ymax>
			</bndbox>
		</object>
		<object>
			<name>baseball diamond</name>
			<pose>Unspecified</pose>
			<truncated>0</truncated>
			<difficult>0</difficult>
			<bndbox>
				<xmin>346</xmin>
				<ymin>274</ymin>
				<xmax>435</xmax>
				<ymax>350</ymax>
			</bndbox>
		</object>
		<object>
			<name>ground track field</name>
			<pose>Unspecified</pose>
			<truncated>0</truncated>
			<difficult>0</difficult>
			<bndbox>
				<xmin>78</xmin>
				<ymin>78</ymin>
				<xmax>273</xmax>
				<ymax>354</ymax>
			</bndbox>
		</object>
	</annotation>
