<?xml version="1.0" encoding="utf-8"?>
	<annotation>
		<folder>VOC2007</folder>
		<filename>496.jpg</filename>
		<size>
			<width>907</width>
			<height>568</height>
			<depth>3</depth>
		</size>
		<object>
			<name>tennis court</name>
			<pose>Unspecified</pose>
			<truncated>0</truncated>
			<difficult>0</difficult>
			<bndbox>
				<xmin>290</xmin>
				<ymin>89</ymin>
				<xmax>355</xmax>
				<ymax>119</ymax>
			</bndbox>
		</object>
		<object>
			<name>tennis court</name>
			<pose>Unspecified</pose>
			<truncated>0</truncated>
			<difficult>0</difficult>
			<bndbox>
				<xmin>290</xmin>
				<ymin>124</ymin>
				<xmax>355</xmax>
				<ymax>151</ymax>
			</bndbox>
		</object>
		<object>
			<name>tennis court</name>
			<pose>Unspecified</pose>
			<truncated>0</truncated>
			<difficult>0</difficult>
			<bndbox>
				<xmin>290</xmin>
				<ymin>157</ymin>
				<xmax>353</xmax>
				<ymax>186</ymax>
			</bndbox>
		</object>
		<object>
			<name>tennis court</name>
			<pose>Unspecified</pose>
			<truncated>0</truncated>
			<difficult>0</difficult>
			<bndbox>
				<xmin>376</xmin>
				<ymin>88</ymin>
				<xmax>439</xmax>
				<ymax>117</ymax>
			</bndbox>
		</object>
		<object>
			<name>tennis court</name>
			<pose>Unspecified</pose>
			<truncated>0</truncated>
			<difficult>0</difficult>
			<bndbox>
				<xmin>458</xmin>
				<ymin>85</ymin>
				<xmax>523</xmax>
				<ymax>112</ymax>
			</bndbox>
		</object>
		<object>
			<name>basketball court</name>
			<pose>Unspecified</pose>
			<truncated>0</truncated>
			<difficult>0</difficult>
			<bndbox>
				<xmin>272</xmin>
				<ymin>204</ymin>
				<xmax>339</xmax>
				<ymax>238</ymax>
			</bndbox>
		</object>
		<object>
			<name>basketball court</name>
			<pose>Unspecified</pose>
			<truncated>0</truncated>
			<difficult>0</difficult>
			<bndbox>
				<xmin>275</xmin>
				<ymin>238</ymin>
				<xmax>337</xmax>
				<ymax>271</ymax>
			</bndbox>
		</object>
		<object>
			<name>basketball court</name>
			<pose>Unspecified</pose>
			<truncated>0</truncated>
			<difficult>0</difficult>
			<bndbox>
				<xmin>272</xmin>
				<ymin>274</ymin>
				<xmax>337</xmax>
				<ymax>307</ymax>
			</bndbox>
		</object>
		<object>
			<name>basketball court</name>
			<pose>Unspecified</pose>
			<truncated>0</truncated>
			<difficult>0</difficult>
			<bndbox>
				<xmin>273</xmin>
				<ymin>308</ymin>
				<xmax>338</xmax>
				<ymax>344</ymax>
			</bndbox>
		</object>
		<object>
			<name>ground track field</name>
			<pose>Unspecified</pose>
			<truncated>0</truncated>
			<difficult>0</difficult>
			<bndbox>
				<xmin>75</xmin>
				<ymin>91</ymin>
				<xmax>250</xmax>
				<ymax>374</ymax>
			</bndbox>
		</object>
	</annotation>
