<?xml version="1.0" encoding="utf-8"?>
	<annotation>
		<folder>VOC2007</folder>
		<filename>502.jpg</filename>
		<size>
			<width>1073</width>
			<height>540</height>
			<depth>3</depth>
		</size>
		<object>
			<name>ship</name>
			<pose>Unspecified</pose>
			<truncated>0</truncated>
			<difficult>0</difficult>
			<bndbox>
				<xmin>442</xmin>
				<ymin>61</ymin>
				<xmax>474</xmax>
				<ymax>132</ymax>
			</bndbox>
		</object>
		<object>
			<name>ship</name>
			<pose>Unspecified</pose>
			<truncated>0</truncated>
			<difficult>0</difficult>
			<bndbox>
				<xmin>653</xmin>
				<ymin>200</ymin>
				<xmax>724</xmax>
				<ymax>264</ymax>
			</bndbox>
		</object>
		<object>
			<name>ship</name>
			<pose>Unspecified</pose>
			<truncated>0</truncated>
			<difficult>0</difficult>
			<bndbox>
				<xmin>436</xmin>
				<ymin>379</ymin>
				<xmax>524</xmax>
				<ymax>473</ymax>
			</bndbox>
		</object>
	</annotation>
