<?xml version="1.0" encoding="utf-8"?>
	<annotation>
		<folder>VOC2007</folder>
		<filename>504.jpg</filename>
		<size>
			<width>1267</width>
			<height>549</height>
			<depth>3</depth>
		</size>
		<object>
			<name>ship</name>
			<pose>Unspecified</pose>
			<truncated>0</truncated>
			<difficult>0</difficult>
			<bndbox>
				<xmin>28</xmin>
				<ymin>118</ymin>
				<xmax>78</xmax>
				<ymax>159</ymax>
			</bndbox>
		</object>
		<object>
			<name>ship</name>
			<pose>Unspecified</pose>
			<truncated>0</truncated>
			<difficult>0</difficult>
			<bndbox>
				<xmin>137</xmin>
				<ymin>226</ymin>
				<xmax>199</xmax>
				<ymax>263</ymax>
			</bndbox>
		</object>
		<object>
			<name>ship</name>
			<pose>Unspecified</pose>
			<truncated>0</truncated>
			<difficult>0</difficult>
			<bndbox>
				<xmin>333</xmin>
				<ymin>154</ymin>
				<xmax>397</xmax>
				<ymax>188</ymax>
			</bndbox>
		</object>
		<object>
			<name>ship</name>
			<pose>Unspecified</pose>
			<truncated>0</truncated>
			<difficult>0</difficult>
			<bndbox>
				<xmin>292</xmin>
				<ymin>370</ymin>
				<xmax>371</xmax>
				<ymax>416</ymax>
			</bndbox>
		</object>
		<object>
			<name>ship</name>
			<pose>Unspecified</pose>
			<truncated>0</truncated>
			<difficult>0</difficult>
			<bndbox>
				<xmin>557</xmin>
				<ymin>88</ymin>
				<xmax>644</xmax>
				<ymax>123</ymax>
			</bndbox>
		</object>
		<object>
			<name>ship</name>
			<pose>Unspecified</pose>
			<truncated>0</truncated>
			<difficult>0</difficult>
			<bndbox>
				<xmin>613</xmin>
				<ymin>407</ymin>
				<xmax>695</xmax>
				<ymax>453</ymax>
			</bndbox>
		</object>
		<object>
			<name>ship</name>
			<pose>Unspecified</pose>
			<truncated>0</truncated>
			<difficult>0</difficult>
			<bndbox>
				<xmin>739</xmin>
				<ymin>99</ymin>
				<xmax>826</xmax>
				<ymax>135</ymax>
			</bndbox>
		</object>
		<object>
			<name>ship</name>
			<pose>Unspecified</pose>
			<truncated>0</truncated>
			<difficult>0</difficult>
			<bndbox>
				<xmin>868</xmin>
				<ymin>463</ymin>
				<xmax>951</xmax>
				<ymax>496</ymax>
			</bndbox>
		</object>
		<object>
			<name>ship</name>
			<pose>Unspecified</pose>
			<truncated>0</truncated>
			<difficult>0</difficult>
			<bndbox>
				<xmin>1009</xmin>
				<ymin>58</ymin>
				<xmax>1077</xmax>
				<ymax>91</ymax>
			</bndbox>
		</object>
		<object>
			<name>ship</name>
			<pose>Unspecified</pose>
			<truncated>0</truncated>
			<difficult>0</difficult>
			<bndbox>
				<xmin>1083</xmin>
				<ymin>185</ymin>
				<xmax>1160</xmax>
				<ymax>215</ymax>
			</bndbox>
		</object>
		<object>
			<name>ship</name>
			<pose>Unspecified</pose>
			<truncated>0</truncated>
			<difficult>0</difficult>
			<bndbox>
				<xmin>1155</xmin>
				<ymin>448</ymin>
				<xmax>1259</xmax>
				<ymax>483</ymax>
			</bndbox>
		</object>
	</annotation>
