<?xml version="1.0" encoding="utf-8"?>
	<annotation>
		<folder>VOC2007</folder>
		<filename>519.jpg</filename>
		<size>
			<width>1045</width>
			<height>541</height>
			<depth>3</depth>
		</size>
		<object>
			<name>ship</name>
			<pose>Unspecified</pose>
			<truncated>0</truncated>
			<difficult>0</difficult>
			<bndbox>
				<xmin>30</xmin>
				<ymin>146</ymin>
				<xmax>96</xmax>
				<ymax>186</ymax>
			</bndbox>
		</object>
		<object>
			<name>ship</name>
			<pose>Unspecified</pose>
			<truncated>0</truncated>
			<difficult>0</difficult>
			<bndbox>
				<xmin>238</xmin>
				<ymin>35</ymin>
				<xmax>302</xmax>
				<ymax>73</ymax>
			</bndbox>
		</object>
		<object>
			<name>ship</name>
			<pose>Unspecified</pose>
			<truncated>0</truncated>
			<difficult>0</difficult>
			<bndbox>
				<xmin>186</xmin>
				<ymin>209</ymin>
				<xmax>282</xmax>
				<ymax>264</ymax>
			</bndbox>
		</object>
		<object>
			<name>ship</name>
			<pose>Unspecified</pose>
			<truncated>0</truncated>
			<difficult>0</difficult>
			<bndbox>
				<xmin>315</xmin>
				<ymin>330</ymin>
				<xmax>404</xmax>
				<ymax>388</ymax>
			</bndbox>
		</object>
		<object>
			<name>ship</name>
			<pose>Unspecified</pose>
			<truncated>0</truncated>
			<difficult>0</difficult>
			<bndbox>
				<xmin>493</xmin>
				<ymin>143</ymin>
				<xmax>559</xmax>
				<ymax>189</ymax>
			</bndbox>
		</object>
		<object>
			<name>ship</name>
			<pose>Unspecified</pose>
			<truncated>0</truncated>
			<difficult>0</difficult>
			<bndbox>
				<xmin>611</xmin>
				<ymin>19</ymin>
				<xmax>675</xmax>
				<ymax>51</ymax>
			</bndbox>
		</object>
		<object>
			<name>ship</name>
			<pose>Unspecified</pose>
			<truncated>0</truncated>
			<difficult>0</difficult>
			<bndbox>
				<xmin>900</xmin>
				<ymin>39</ymin>
				<xmax>951</xmax>
				<ymax>68</ymax>
			</bndbox>
		</object>
		<object>
			<name>ship</name>
			<pose>Unspecified</pose>
			<truncated>0</truncated>
			<difficult>0</difficult>
			<bndbox>
				<xmin>863</xmin>
				<ymin>215</ymin>
				<xmax>916</xmax>
				<ymax>246</ymax>
			</bndbox>
		</object>
	</annotation>
