<?xml version="1.0" encoding="utf-8"?>
	<annotation>
		<folder>VOC2007</folder>
		<filename>539.jpg</filename>
		<size>
			<width>1113</width>
			<height>540</height>
			<depth>3</depth>
		</size>
		<object>
			<name>bridge</name>
			<pose>Unspecified</pose>
			<truncated>0</truncated>
			<difficult>0</difficult>
			<bndbox>
				<xmin>144</xmin>
				<ymin>180</ymin>
				<xmax>294</xmax>
				<ymax>432</ymax>
			</bndbox>
		</object>
		<object>
			<name>bridge</name>
			<pose>Unspecified</pose>
			<truncated>0</truncated>
			<difficult>0</difficult>
			<bndbox>
				<xmin>857</xmin>
				<ymin>139</ymin>
				<xmax>1005</xmax>
				<ymax>335</ymax>
			</bndbox>
		</object>
	</annotation>
