<?xml version="1.0" encoding="utf-8"?>
	<annotation>
		<folder>VOC2007</folder>
		<filename>549.jpg</filename>
		<size>
			<width>818</width>
			<height>583</height>
			<depth>3</depth>
		</size>
		<object>
			<name>baseball diamond</name>
			<pose>Unspecified</pose>
			<truncated>0</truncated>
			<difficult>0</difficult>
			<bndbox>
				<xmin>135</xmin>
				<ymin>267</ymin>
				<xmax>205</xmax>
				<ymax>321</ymax>
			</bndbox>
		</object>
		<object>
			<name>bridge</name>
			<pose>Unspecified</pose>
			<truncated>0</truncated>
			<difficult>0</difficult>
			<bndbox>
				<xmin>585</xmin>
				<ymin>30</ymin>
				<xmax>728</xmax>
				<ymax>168</ymax>
			</bndbox>
		</object>
	</annotation>
