<?xml version="1.0" encoding="utf-8"?>
	<annotation>
		<folder>VOC2007</folder>
		<filename>557.jpg</filename>
		<size>
			<width>1008</width>
			<height>587</height>
			<depth>3</depth>
		</size>
		<object>
			<name>bridge</name>
			<pose>Unspecified</pose>
			<truncated>0</truncated>
			<difficult>0</difficult>
			<bndbox>
				<xmin>108</xmin>
				<ymin>287</ymin>
				<xmax>351</xmax>
				<ymax>422</ymax>
			</bndbox>
		</object>
		<object>
			<name>bridge</name>
			<pose>Unspecified</pose>
			<truncated>0</truncated>
			<difficult>0</difficult>
			<bndbox>
				<xmin>818</xmin>
				<ymin>58</ymin>
				<xmax>934</xmax>
				<ymax>232</ymax>
			</bndbox>
		</object>
	</annotation>
