<?xml version="1.0" encoding="utf-8"?>
	<annotation>
		<folder>VOC2007</folder>
		<filename>563.jpg</filename>
		<size>
			<width>1040</width>
			<height>591</height>
			<depth>3</depth>
		</size>
		<object>
			<name>airplane</name>
			<pose>Unspecified</pose>
			<truncated>0</truncated>
			<difficult>0</difficult>
			<bndbox>
				<xmin>102</xmin>
				<ymin>380</ymin>
				<xmax>163</xmax>
				<ymax>433</ymax>
			</bndbox>
		</object>
		<object>
			<name>airplane</name>
			<pose>Unspecified</pose>
			<truncated>0</truncated>
			<difficult>0</difficult>
			<bndbox>
				<xmin>87</xmin>
				<ymin>519</ymin>
				<xmax>159</xmax>
				<ymax>574</ymax>
			</bndbox>
		</object>
		<object>
			<name>airplane</name>
			<pose>Unspecified</pose>
			<truncated>0</truncated>
			<difficult>0</difficult>
			<bndbox>
				<xmin>188</xmin>
				<ymin>383</ymin>
				<xmax>252</xmax>
				<ymax>444</ymax>
			</bndbox>
		</object>
		<object>
			<name>airplane</name>
			<pose>Unspecified</pose>
			<truncated>0</truncated>
			<difficult>0</difficult>
			<bndbox>
				<xmin>284</xmin>
				<ymin>372</ymin>
				<xmax>340</xmax>
				<ymax>431</ymax>
			</bndbox>
		</object>
		<object>
			<name>airplane</name>
			<pose>Unspecified</pose>
			<truncated>0</truncated>
			<difficult>0</difficult>
			<bndbox>
				<xmin>202</xmin>
				<ymin>223</ymin>
				<xmax>252</xmax>
				<ymax>274</ymax>
			</bndbox>
		</object>
		<object>
			<name>airplane</name>
			<pose>Unspecified</pose>
			<truncated>0</truncated>
			<difficult>0</difficult>
			<bndbox>
				<xmin>279</xmin>
				<ymin>173</ymin>
				<xmax>337</xmax>
				<ymax>228</ymax>
			</bndbox>
		</object>
		<object>
			<name>airplane</name>
			<pose>Unspecified</pose>
			<truncated>0</truncated>
			<difficult>0</difficult>
			<bndbox>
				<xmin>394</xmin>
				<ymin>84</ymin>
				<xmax>444</xmax>
				<ymax>128</ymax>
			</bndbox>
		</object>
		<object>
			<name>airplane</name>
			<pose>Unspecified</pose>
			<truncated>0</truncated>
			<difficult>0</difficult>
			<bndbox>
				<xmin>598</xmin>
				<ymin>22</ymin>
				<xmax>663</xmax>
				<ymax>69</ymax>
			</bndbox>
		</object>
		<object>
			<name>airplane</name>
			<pose>Unspecified</pose>
			<truncated>0</truncated>
			<difficult>0</difficult>
			<bndbox>
				<xmin>585</xmin>
				<ymin>139</ymin>
				<xmax>654</xmax>
				<ymax>194</ymax>
			</bndbox>
		</object>
		<object>
			<name>airplane</name>
			<pose>Unspecified</pose>
			<truncated>0</truncated>
			<difficult>0</difficult>
			<bndbox>
				<xmin>697</xmin>
				<ymin>177</ymin>
				<xmax>745</xmax>
				<ymax>229</ymax>
			</bndbox>
		</object>
		<object>
			<name>airplane</name>
			<pose>Unspecified</pose>
			<truncated>0</truncated>
			<difficult>0</difficult>
			<bndbox>
				<xmin>796</xmin>
				<ymin>160</ymin>
				<xmax>854</xmax>
				<ymax>216</ymax>
			</bndbox>
		</object>
		<object>
			<name>airplane</name>
			<pose>Unspecified</pose>
			<truncated>0</truncated>
			<difficult>0</difficult>
			<bndbox>
				<xmin>727</xmin>
				<ymin>349</ymin>
				<xmax>794</xmax>
				<ymax>415</ymax>
			</bndbox>
		</object>
		<object>
			<name>airplane</name>
			<pose>Unspecified</pose>
			<truncated>0</truncated>
			<difficult>0</difficult>
			<bndbox>
				<xmin>939</xmin>
				<ymin>233</ymin>
				<xmax>1000</xmax>
				<ymax>287</ymax>
			</bndbox>
		</object>
		<object>
			<name>airplane</name>
			<pose>Unspecified</pose>
			<truncated>0</truncated>
			<difficult>0</difficult>
			<bndbox>
				<xmin>914</xmin>
				<ymin>304</ymin>
				<xmax>983</xmax>
				<ymax>357</ymax>
			</bndbox>
		</object>
	</annotation>
