<?xml version="1.0" encoding="utf-8"?>
	<annotation>
		<folder>VOC2007</folder>
		<filename>565.jpg</filename>
		<size>
			<width>918</width>
			<height>541</height>
			<depth>3</depth>
		</size>
		<object>
			<name>basketball court</name>
			<pose>Unspecified</pose>
			<truncated>0</truncated>
			<difficult>0</difficult>
			<bndbox>
				<xmin>366</xmin>
				<ymin>233</ymin>
				<xmax>449</xmax>
				<ymax>321</ymax>
			</bndbox>
		</object>
		<object>
			<name>basketball court</name>
			<pose>Unspecified</pose>
			<truncated>0</truncated>
			<difficult>0</difficult>
			<bndbox>
				<xmin>437</xmin>
				<ymin>212</ymin>
				<xmax>518</xmax>
				<ymax>298</ymax>
			</bndbox>
		</object>
	</annotation>
