<?xml version="1.0" encoding="utf-8"?>
	<annotation>
		<folder>VOC2007</folder>
		<filename>566.jpg</filename>
		<size>
			<width>845</width>
			<height>508</height>
			<depth>3</depth>
		</size>
		<object>
			<name>ground track field</name>
			<pose>Unspecified</pose>
			<truncated>0</truncated>
			<difficult>0</difficult>
			<bndbox>
				<xmin>272</xmin>
				<ymin>58</ymin>
				<xmax>478</xmax>
				<ymax>290</ymax>
			</bndbox>
		</object>
		<object>
			<name>baseball diamond</name>
			<pose>Unspecified</pose>
			<truncated>0</truncated>
			<difficult>0</difficult>
			<bndbox>
				<xmin>629</xmin>
				<ymin>164</ymin>
				<xmax>728</xmax>
				<ymax>234</ymax>
			</bndbox>
		</object>
	</annotation>
