<?xml version="1.0" encoding="utf-8"?>
	<annotation>
		<folder>VOC2007</folder>
		<filename>572.jpg</filename>
		<size>
			<width>886</width>
			<height>542</height>
			<depth>3</depth>
		</size>
		<object>
			<name>baseball diamond</name>
			<pose>Unspecified</pose>
			<truncated>0</truncated>
			<difficult>0</difficult>
			<bndbox>
				<xmin>199</xmin>
				<ymin>335</ymin>
				<xmax>264</xmax>
				<ymax>402</ymax>
			</bndbox>
		</object>
		<object>
			<name>baseball diamond</name>
			<pose>Unspecified</pose>
			<truncated>0</truncated>
			<difficult>0</difficult>
			<bndbox>
				<xmin>359</xmin>
				<ymin>248</ymin>
				<xmax>456</xmax>
				<ymax>329</ymax>
			</bndbox>
		</object>
		<object>
			<name>ground track field</name>
			<pose>Unspecified</pose>
			<truncated>0</truncated>
			<difficult>0</difficult>
			<bndbox>
				<xmin>476</xmin>
				<ymin>127</ymin>
				<xmax>756</xmax>
				<ymax>304</ymax>
			</bndbox>
		</object>
	</annotation>
