<?xml version="1.0" encoding="utf-8"?>
	<annotation>
		<folder>VOC2007</folder>
		<filename>583.jpg</filename>
		<size>
			<width>857</width>
			<height>547</height>
			<depth>3</depth>
		</size>
		<object>
			<name>bridge</name>
			<pose>Unspecified</pose>
			<truncated>0</truncated>
			<difficult>0</difficult>
			<bndbox>
				<xmin>378</xmin>
				<ymin>95</ymin>
				<xmax>553</xmax>
				<ymax>180</ymax>
			</bndbox>
		</object>
		<object>
			<name>bridge</name>
			<pose>Unspecified</pose>
			<truncated>0</truncated>
			<difficult>0</difficult>
			<bndbox>
				<xmin>436</xmin>
				<ymin>323</ymin>
				<xmax>551</xmax>
				<ymax>394</ymax>
			</bndbox>
		</object>
	</annotation>
