<?xml version="1.0" encoding="utf-8"?>
	<annotation>
		<folder>VOC2007</folder>
		<filename>592.jpg</filename>
		<size>
			<width>831</width>
			<height>540</height>
			<depth>3</depth>
		</size>
		<object>
			<name>baseball diamond</name>
			<pose>Unspecified</pose>
			<truncated>0</truncated>
			<difficult>0</difficult>
			<bndbox>
				<xmin>451</xmin>
				<ymin>36</ymin>
				<xmax>552</xmax>
				<ymax>116</ymax>
			</bndbox>
		</object>
		<object>
			<name>baseball diamond</name>
			<pose>Unspecified</pose>
			<truncated>0</truncated>
			<difficult>0</difficult>
			<bndbox>
				<xmin>668</xmin>
				<ymin>414</ymin>
				<xmax>740</xmax>
				<ymax>480</ymax>
			</bndbox>
		</object>
		<object>
			<name>ground track field</name>
			<pose>Unspecified</pose>
			<truncated>0</truncated>
			<difficult>0</difficult>
			<bndbox>
				<xmin>239</xmin>
				<ymin>91</ymin>
				<xmax>468</xmax>
				<ymax>380</ymax>
			</bndbox>
		</object>
	</annotation>
