<?xml version="1.0" encoding="utf-8"?>
	<annotation>
		<folder>VOC2007</folder>
		<filename>593.jpg</filename>
		<size>
			<width>979</width>
			<height>541</height>
			<depth>3</depth>
		</size>
		<object>
			<name>baseball diamond</name>
			<pose>Unspecified</pose>
			<truncated>0</truncated>
			<difficult>0</difficult>
			<bndbox>
				<xmin>806</xmin>
				<ymin>275</ymin>
				<xmax>927</xmax>
				<ymax>391</ymax>
			</bndbox>
		</object>
		<object>
			<name>tennis court</name>
			<pose>Unspecified</pose>
			<truncated>0</truncated>
			<difficult>0</difficult>
			<bndbox>
				<xmin>432</xmin>
				<ymin>180</ymin>
				<xmax>512</xmax>
				<ymax>268</ymax>
			</bndbox>
		</object>
		<object>
			<name>tennis court</name>
			<pose>Unspecified</pose>
			<truncated>0</truncated>
			<difficult>0</difficult>
			<bndbox>
				<xmin>386</xmin>
				<ymin>207</ymin>
				<xmax>465</xmax>
				<ymax>296</ymax>
			</bndbox>
		</object>
		<object>
			<name>basketball court</name>
			<pose>Unspecified</pose>
			<truncated>0</truncated>
			<difficult>0</difficult>
			<bndbox>
				<xmin>506</xmin>
				<ymin>286</ymin>
				<xmax>616</xmax>
				<ymax>395</ymax>
			</bndbox>
		</object>
		<object>
			<name>basketball court</name>
			<pose>Unspecified</pose>
			<truncated>0</truncated>
			<difficult>0</difficult>
			<bndbox>
				<xmin>445</xmin>
				<ymin>319</ymin>
				<xmax>554</xmax>
				<ymax>436</ymax>
			</bndbox>
		</object>
	</annotation>
