<?xml version="1.0" encoding="utf-8"?>
	<annotation>
		<folder>VOC2007</folder>
		<filename>599.jpg</filename>
		<size>
			<width>846</width>
			<height>536</height>
			<depth>3</depth>
		</size>
		<object>
			<name>ground track field</name>
			<pose>Unspecified</pose>
			<truncated>0</truncated>
			<difficult>0</difficult>
			<bndbox>
				<xmin>229</xmin>
				<ymin>77</ymin>
				<xmax>425</xmax>
				<ymax>447</ymax>
			</bndbox>
		</object>
		<object>
			<name>baseball diamond</name>
			<pose>Unspecified</pose>
			<truncated>0</truncated>
			<difficult>0</difficult>
			<bndbox>
				<xmin>485</xmin>
				<ymin>89</ymin>
				<xmax>595</xmax>
				<ymax>186</ymax>
			</bndbox>
		</object>
	</annotation>
