<?xml version="1.0" encoding="utf-8"?>
	<annotation>
		<folder>VOC2007</folder>
		<filename>604.jpg</filename>
		<size>
			<width>775</width>
			<height>568</height>
			<depth>3</depth>
		</size>
		<object>
			<name>basketball court</name>
			<pose>Unspecified</pose>
			<truncated>0</truncated>
			<difficult>0</difficult>
			<bndbox>
				<xmin>292</xmin>
				<ymin>201</ymin>
				<xmax>386</xmax>
				<ymax>240</ymax>
			</bndbox>
		</object>
		<object>
			<name>basketball court</name>
			<pose>Unspecified</pose>
			<truncated>0</truncated>
			<difficult>0</difficult>
			<bndbox>
				<xmin>290</xmin>
				<ymin>236</ymin>
				<xmax>387</xmax>
				<ymax>275</ymax>
			</bndbox>
		</object>
		<object>
			<name>bridge</name>
			<pose>Unspecified</pose>
			<truncated>0</truncated>
			<difficult>0</difficult>
			<bndbox>
				<xmin>296</xmin>
				<ymin>16</ymin>
				<xmax>352</xmax>
				<ymax>86</ymax>
			</bndbox>
		</object>
		<object>
			<name>bridge</name>
			<pose>Unspecified</pose>
			<truncated>0</truncated>
			<difficult>0</difficult>
			<bndbox>
				<xmin>653</xmin>
				<ymin>36</ymin>
				<xmax>680</xmax>
				<ymax>111</ymax>
			</bndbox>
		</object>
	</annotation>
