<?xml version="1.0" encoding="utf-8"?>
	<annotation>
		<folder>VOC2007</folder>
		<filename>605.jpg</filename>
		<size>
			<width>876</width>
			<height>536</height>
			<depth>3</depth>
		</size>
		<object>
			<name>ground track field</name>
			<pose>Unspecified</pose>
			<truncated>0</truncated>
			<difficult>0</difficult>
			<bndbox>
				<xmin>408</xmin>
				<ymin>66</ymin>
				<xmax>746</xmax>
				<ymax>278</ymax>
			</bndbox>
		</object>
		<object>
			<name>baseball diamond</name>
			<pose>Unspecified</pose>
			<truncated>0</truncated>
			<difficult>0</difficult>
			<bndbox>
				<xmin>274</xmin>
				<ymin>210</ymin>
				<xmax>394</xmax>
				<ymax>304</ymax>
			</bndbox>
		</object>
		<object>
			<name>baseball diamond</name>
			<pose>Unspecified</pose>
			<truncated>0</truncated>
			<difficult>0</difficult>
			<bndbox>
				<xmin>78</xmin>
				<ymin>310</ymin>
				<xmax>167</xmax>
				<ymax>391</ymax>
			</bndbox>
		</object>
	</annotation>
