<?xml version="1.0" encoding="utf-8"?>
	<annotation>
		<folder>VOC2007</folder>
		<filename>609.jpg</filename>
		<size>
			<width>1078</width>
			<height>555</height>
			<depth>3</depth>
		</size>
		<object>
			<name>ground track field</name>
			<pose>Unspecified</pose>
			<truncated>0</truncated>
			<difficult>0</difficult>
			<bndbox>
				<xmin>114</xmin>
				<ymin>126</ymin>
				<xmax>627</xmax>
				<ymax>366</ymax>
			</bndbox>
		</object>
		<object>
			<name>basketball court</name>
			<pose>Unspecified</pose>
			<truncated>0</truncated>
			<difficult>0</difficult>
			<bndbox>
				<xmin>841</xmin>
				<ymin>147</ymin>
				<xmax>932</xmax>
				<ymax>188</ymax>
			</bndbox>
		</object>
		<object>
			<name>basketball court</name>
			<pose>Unspecified</pose>
			<truncated>0</truncated>
			<difficult>0</difficult>
			<bndbox>
				<xmin>852</xmin>
				<ymin>186</ymin>
				<xmax>948</xmax>
				<ymax>230</ymax>
			</bndbox>
		</object>
		<object>
			<name>tennis court</name>
			<pose>Unspecified</pose>
			<truncated>0</truncated>
			<difficult>0</difficult>
			<bndbox>
				<xmin>878</xmin>
				<ymin>238</ymin>
				<xmax>959</xmax>
				<ymax>275</ymax>
			</bndbox>
		</object>
		<object>
			<name>tennis court</name>
			<pose>Unspecified</pose>
			<truncated>0</truncated>
			<difficult>0</difficult>
			<bndbox>
				<xmin>890</xmin>
				<ymin>284</ymin>
				<xmax>973</xmax>
				<ymax>321</ymax>
			</bndbox>
		</object>
	</annotation>
