<?xml version="1.0" encoding="utf-8"?>
	<annotation>
		<folder>VOC2007</folder>
		<filename>614.jpg</filename>
		<size>
			<width>880</width>
			<height>524</height>
			<depth>3</depth>
		</size>
		<object>
			<name>baseball diamond</name>
			<pose>Unspecified</pose>
			<truncated>0</truncated>
			<difficult>0</difficult>
			<bndbox>
				<xmin>624</xmin>
				<ymin>78</ymin>
				<xmax>713</xmax>
				<ymax>149</ymax>
			</bndbox>
		</object>
		<object>
			<name>baseball diamond</name>
			<pose>Unspecified</pose>
			<truncated>0</truncated>
			<difficult>0</difficult>
			<bndbox>
				<xmin>802</xmin>
				<ymin>111</ymin>
				<xmax>864</xmax>
				<ymax>157</ymax>
			</bndbox>
		</object>
		<object>
			<name>baseball diamond</name>
			<pose>Unspecified</pose>
			<truncated>0</truncated>
			<difficult>0</difficult>
			<bndbox>
				<xmin>320</xmin>
				<ymin>75</ymin>
				<xmax>381</xmax>
				<ymax>124</ymax>
			</bndbox>
		</object>
		<object>
			<name>ground track field</name>
			<pose>Unspecified</pose>
			<truncated>0</truncated>
			<difficult>0</difficult>
			<bndbox>
				<xmin>220</xmin>
				<ymin>134</ymin>
				<xmax>393</xmax>
				<ymax>410</ymax>
			</bndbox>
		</object>
	</annotation>
