<?xml version="1.0" encoding="utf-8"?>
	<annotation>
		<folder>VOC2007</folder>
		<filename>617.jpg</filename>
		<size>
			<width>926</width>
			<height>532</height>
			<depth>3</depth>
		</size>
		<object>
			<name>baseball diamond</name>
			<pose>Unspecified</pose>
			<truncated>0</truncated>
			<difficult>0</difficult>
			<bndbox>
				<xmin>313</xmin>
				<ymin>44</ymin>
				<xmax>400</xmax>
				<ymax>111</ymax>
			</bndbox>
		</object>
		<object>
			<name>ground track field</name>
			<pose>Unspecified</pose>
			<truncated>0</truncated>
			<difficult>0</difficult>
			<bndbox>
				<xmin>303</xmin>
				<ymin>130</ymin>
				<xmax>481</xmax>
				<ymax>391</ymax>
			</bndbox>
		</object>
	</annotation>
