<?xml version="1.0" encoding="utf-8"?>
	<annotation>
		<folder>VOC2007</folder>
		<filename>618.jpg</filename>
		<size>
			<width>939</width>
			<height>564</height>
			<depth>3</depth>
		</size>
		<object>
			<name>tennis court</name>
			<pose>Unspecified</pose>
			<truncated>0</truncated>
			<difficult>0</difficult>
			<bndbox>
				<xmin>170</xmin>
				<ymin>313</ymin>
				<xmax>209</xmax>
				<ymax>381</ymax>
			</bndbox>
		</object>
		<object>
			<name>tennis court</name>
			<pose>Unspecified</pose>
			<truncated>0</truncated>
			<difficult>0</difficult>
			<bndbox>
				<xmin>212</xmin>
				<ymin>314</ymin>
				<xmax>252</xmax>
				<ymax>382</ymax>
			</bndbox>
		</object>
		<object>
			<name>tennis court</name>
			<pose>Unspecified</pose>
			<truncated>0</truncated>
			<difficult>0</difficult>
			<bndbox>
				<xmin>137</xmin>
				<ymin>447</ymin>
				<xmax>179</xmax>
				<ymax>523</ymax>
			</bndbox>
		</object>
		<object>
			<name>tennis court</name>
			<pose>Unspecified</pose>
			<truncated>0</truncated>
			<difficult>0</difficult>
			<bndbox>
				<xmin>181</xmin>
				<ymin>449</ymin>
				<xmax>226</xmax>
				<ymax>524</ymax>
			</bndbox>
		</object>
		<object>
			<name>basketball court</name>
			<pose>Unspecified</pose>
			<truncated>0</truncated>
			<difficult>0</difficult>
			<bndbox>
				<xmin>498</xmin>
				<ymin>169</ymin>
				<xmax>576</xmax>
				<ymax>211</ymax>
			</bndbox>
		</object>
		<object>
			<name>basketball court</name>
			<pose>Unspecified</pose>
			<truncated>0</truncated>
			<difficult>0</difficult>
			<bndbox>
				<xmin>521</xmin>
				<ymin>70</ymin>
				<xmax>571</xmax>
				<ymax>131</ymax>
			</bndbox>
		</object>
		<object>
			<name>basketball court</name>
			<pose>Unspecified</pose>
			<truncated>0</truncated>
			<difficult>0</difficult>
			<bndbox>
				<xmin>611</xmin>
				<ymin>23</ymin>
				<xmax>683</xmax>
				<ymax>61</ymax>
			</bndbox>
		</object>
		<object>
			<name>basketball court</name>
			<pose>Unspecified</pose>
			<truncated>0</truncated>
			<difficult>0</difficult>
			<bndbox>
				<xmin>608</xmin>
				<ymin>59</ymin>
				<xmax>681</xmax>
				<ymax>100</ymax>
			</bndbox>
		</object>
		<object>
			<name>baseball diamond</name>
			<pose>Unspecified</pose>
			<truncated>0</truncated>
			<difficult>0</difficult>
			<bndbox>
				<xmin>364</xmin>
				<ymin>164</ymin>
				<xmax>446</xmax>
				<ymax>234</ymax>
			</bndbox>
		</object>
	</annotation>
