<?xml version="1.0" encoding="utf-8"?>
	<annotation>
		<folder>VOC2007</folder>
		<filename>634.jpg</filename>
		<size>
			<width>960</width>
			<height>530</height>
			<depth>3</depth>
		</size>
		<object>
			<name>baseball diamond</name>
			<pose>Unspecified</pose>
			<truncated>0</truncated>
			<difficult>0</difficult>
			<bndbox>
				<xmin>647</xmin>
				<ymin>67</ymin>
				<xmax>760</xmax>
				<ymax>171</ymax>
			</bndbox>
		</object>
		<object>
			<name>ground track field</name>
			<pose>Unspecified</pose>
			<truncated>0</truncated>
			<difficult>0</difficult>
			<bndbox>
				<xmin>177</xmin>
				<ymin>15</ymin>
				<xmax>485</xmax>
				<ymax>380</ymax>
			</bndbox>
		</object>
	</annotation>
