<?xml version="1.0" encoding="utf-8"?>
	<annotation>
		<folder>VOC2007</folder>
		<filename>636.jpg</filename>
		<size>
			<width>683</width>
			<height>573</height>
			<depth>3</depth>
		</size>
		<object>
			<name>basketball court</name>
			<pose>Unspecified</pose>
			<truncated>0</truncated>
			<difficult>0</difficult>
			<bndbox>
				<xmin>370</xmin>
				<ymin>191</ymin>
				<xmax>475</xmax>
				<ymax>254</ymax>
			</bndbox>
		</object>
		<object>
			<name>basketball court</name>
			<pose>Unspecified</pose>
			<truncated>0</truncated>
			<difficult>0</difficult>
			<bndbox>
				<xmin>363</xmin>
				<ymin>244</ymin>
				<xmax>468</xmax>
				<ymax>307</ymax>
			</bndbox>
		</object>
	</annotation>
